id,rank,scientific_name,nis,Zakynthos_EXT1_20m,Zakynthos_EXT1_2m,Zakynthos_EXT2_20m,Zakynthos_EXT2_2m,Zakynthos_EXT3_20m,Zakynthos_EXT3_2m,Zakynthos_INT1_20m,Zakynthos_INT1_2m,Zakynthos_INT2_20m,Zakynthos_INT2_2m,Zakynthos_INT3_20m,Zakynthos_INT3_2m,sequence
MPAs_000000077,species,Atherina hepsetus,native,0,0,0,3876,0,0,0,0,0,0,0,0,gcggttatacgagaggcccaagttgatacccgccggcgtaaagagtggttaagagaacctaagactaaagccgaacactctcaaagctgttatatgcacccgagagcaagaagccctctcacgaaagtagctttaacctttctgactccacgtaagctgaggaa
MPAs_000000297,species,Belone belone,native,0,0,0,24259,0,0,1,0,0,0,0,0,gcggttagacgagaggcctaagttgacaaccatcggcgtaaagagtggttaaggaaaactaaaactaaagccgaatgttttcatggctgttatacgcatccgaaaataagaagctcccctacgaaagtggctttaacccacctgaccccacgaaagctgtgaaa
MPAs_000000234,species,Boops boops,native,0,0,0,4496,0,622,0,0,0,0,0,0,gcggttatacgggaggcccaagttgtcaaaagtcggcgtaaagagtggttaagataagattaaattaaggccgaacgccttccgggccgttatacgcatctgaaggtaagaagttcaattacgaaagtagctttatactctctgaccccacgaaagctaggata
MPAs_000000030,species,Chelon auratus,native,0,1,1,0,1,0,0,0,0,0,0,0,gcggttatacgagaggcccaagctgacagcccccggcgtaaagagtggttaagttaaccccaatatgactaaagtcgaacgcccccaagaccgttatacgtgctcggaggtatgaagcccaactacgaaagtggctttaaaatgcctgaccccacgaaagctgtgaaa
MPAs_000000052,genus,Chelon sp.,native,0,2,1,2643,4,1,0,0,2,2,1,1,gcggttatacgagaggcccaagctgacagcccccggcgtaaagagtggttaagttaaccctaatgtgactaaagtcgaacgcccccaagaccgttatacgtgctcggaggtatgaagcccaactacgaaagtggctttaaaatacctgaccccacgaaagctgtgaaa
MPAs_000000039,species,Chromis chromis,native,10,0,1,2519,0,4,0,0,0,0,1,7,gcggttatacgagaggctcaagttgacagacagcggcgtaaagagtggttaaggaagcttttaaactaaagccgaacgccttcagagctgttatacgtttccgaaggtatgaagccccaccacgaaagtggctttatttcccctgactccacgaaagctgtgaaa
MPAs_000000122,species,Coris julis,native,1,1,0,4,1,1,18542,0,0,0,0,0,gcggttatacgagagacccaagttgatgaccctcggcgtaaagagtggttaaggtgtctttaaactaaggccaaatgacttcaaagccgttatacgcacatgaaagtacgaagcccaattacgaaagtggccttaaacccctgactccacgaaagctacggca
MPAs_000001467,species,Dentex dentex,native,0,0,0,0,0,0,0,0,1,0,0,0,gcggtcatacggggggcccaagttgtcagaagtcggcgtaaagagtggttaggaacaggcttaaaattaaagccgaacatcttctaagctgttatacgcatccgaagataagaagcccaataacgaaagtagctttatatattctgaccccacgaaagctaagaca
MPAs_000000109,species,Dicentrarchus labrax,native,0,3,0,0,0,1,0,0,0,0,0,0,gcggttaaacgggaggctcaagttgatagacaccggcgtaaagcgtggttaaggacccaacttttacactaaagccgaacgctaccagagcagtgatacgcaccgagagtaagaagatcaattacgaaagtagctttatttaaacctgaccccacgaaagctaaggca
MPAs_000000143,species,Diplodus sargus,native,2,1,0,7330,1,575,2,0,3,0,1,0,gcggttatacgggaggcccaagttgtcagaagtcggcgtaaagggtggttaagaataagcctaaaattaaagccgaacatcttccgggctgttatacgcatccgaagataagaagcccaactacgaaagtagctttatgtcttctgaacccacgaaagctaggata
MPAs_000002875,species,Enchelycore anatina,native,0,0,0,66,0,0,0,0,0,0,0,0,gcggttatacgaggggcccaaattgacgcatcacggcgtaaagtgtgattagaggcactcttaaactagaaccaaataccccttatgcagtcatacgccatgggggtcaagaagcccaacaacgaaagtggttctataaatcttgaactcacgacagctaggata
MPAs_000022107,species,Euthynnus alletteratus,native,0,0,0,2006,7,0,0,0,0,0,0,6,gcggttatacgagaggcccaagttgacagacaccggcgtaaagcgtggttaaggtaaactaaaactaaagccgaacaccttcagggcagttatacgcatccgaaggcacgaagccccaccacgaaagtggctttatgacccctgaccccacgaaagctatgaca
MPAs_000002629,species,Gobius paganellus,native,0,1,0,0,0,0,0,0,0,0,0,0,gcggttatacgagaggcccaagttgacgaaaatcggcgtaaagcgtggttaatgagaccataactaaagccgaacgccctcaaggctgttatacgcccccgaagacaggaagtcccgtcacgaaagtagctttaaccatcatgaacccacgagagctagggaa
MPAs_000202838,species,Lutjanus argentimaculatus,nis,0,0,0,0,1,0,0,0,0,0,0,0,gcggttatacgagagacccaagttgatagacaccggcgtaaagagtggttaagatttattcaacactaaagccgaacgccctcagagctgttatacgcactcgagggtaagaagcccaaccacgaaagtggctttaaactatccgaatccacgaaagctatgaca
MPAs_000016866,species,Merlangius merlangus,native,0,1,0,0,0,0,0,0,0,0,0,0,gcggttatacgagaggcccaaattgatgaaaaacggcgtaaagcgtggttaagaaaataagagaaaatatggccgaacaacttcaaagcagttatacgcatccgaagtcacgaagaacaatcacgaaagttgccctaaagcctccgattccacgaaagccataaaa
MPAs_000001135,species,Merluccius merluccius,native,0,0,0,0,0,0,0,0,2,0,0,0,gcggttatacgagcggcccaagttgataaaaaacggcgtaaagcgtggttaaaaaatgttaaaactagagccgaataacctcaaagcagttatacgcattcgagaccacgaagcacaattacgaaagtagctctacccgtctttgactccacgaaaaccataaaa
MPAs_000000028,species,Oedalechilus labeo,native,0,10,0,0,0,0,0,0,0,0,0,0,gcggttatacgagaggcccaagctgacagccattggcgtaaagagtggtttagtaaatcttaaacataactaaagtcgaacgcccccaagaccgttatacgtgttcggaggtatgaagtccagctacgaaagtgactttaacagacctgaccccacgaaagctgtgaaa
MPAs_000008540,species,Pagellus acarne,native,0,0,0,0,0,1,0,0,0,0,0,0,gcggttatacgggaggcccaagttggcagaagtcggcgtaaagggtggttaagaatagacctaaattaaagccgaacatcttccgggctgttatacgcatccgaagacaagaagctcaactacgaaagtagctttatattttctgaccccacgaaagctagggca
MPAs_000000899,species,Platichtys flesus,native,0,0,0,0,0,1,0,0,0,2,0,0,gcggttatacgagaggcccaagttgacaaacaacggcgtaaagagtggttagggaatttactaaactagagccgaacgctttcaaagctgttatacgcacccgaaagtatgaaacccaattacgaaagtagctctacctatcctgaacccacgaaagctaaggaa
MPAs_000425941,species,Pseudaphya ferreri,native,0,0,0,0,0,0,1,0,0,0,0,0,gcggttatacgagaggcccaagttgacggatgccggcgtaaaatgtggttaatttacagcattgcactaaagcaaaacaccccccaagctgttatatgctattgggggcaggaataccttgtacgaaagtagctttaaatgtatgaccccacgaaagctagggaa
MPAs_000000046,species,Sardina pilchardus,native,0,0,0,13196,0,887,0,0,0,0,0,0,gcggttatacgagaggccctagttgatttaatcggcgtaaagagtggttatggagagttaaaaaatagagctgaagacctctcgggccgtaatacgcatccagaagttcgaatcacaaacacgaaagtagctttaccttcttccaccagaatccacgacagctgggaca
MPAs_000001256,species,Sardinella aurita,native,1,1,0,0,0,0,0,585,0,0,0,0,gcggttatacgagaggcccaagttgataagcccggcgtaaagagtggttatggaacccgcccccactaaagctaaagagcccctaagctgttatacgcacttggaagcttgaacccctgacacgaaagtagctttatcttctcctgaacccacgatagctggggca
MPAs_000000043,species,Sarpa salpa,native,6,0,4,26642,2,36,1,0,6,2,0,4,gcggttatacgagaggcccaagttgatagatcccggcgtaaagagtggttaagaacaacaaatgattaaagccgaacgccctcaaagcagttatacgcatccgagggtaagaagccccataacgaaagtagctttattaatcctgactccacgaaagctaaggaa
MPAs_000001779,species,Sciaena umbra,native,0,1,0,0,0,0,0,0,3,0,0,0,gcggttatacgagaggcccaagtcgatagtcaacggcgtaaagagtggttagaagaaacccgttactaaagccgaacaccctcaaagctgttatacgcatccgaaggtgagaagcccatccacgaaagtggctttacaatcttgaatccacgaaagctatggta
MPAs_000000622,species,Scomber scombrus,native,0,0,0,0,1,0,0,0,0,0,0,0,gcggttatacgataggcccaagttgacagaccccggcgtaaagcgtggttagggaaaatttaaaactaaagccgaacaccttcagggcagtcatacgcttccgaaggcacgaagcccctccacgaaagtggctttactacccccgaccccacgaaagctagggca
MPAs_000000475,species,Scorpaena scrofa,native,0,0,0,1,0,1,0,0,2,0,0,0,gcggttatacgagaggcccaagttgataatttccggcgtaaagagtggttatgggataaattaactaaagccgtaccccttcagagctgtcatacgcatatgaaggacagaagcccaaccacgaaagtggctttattaaccctgaccccacgaaagctatggca
MPAs_000000683,species,Siganus luridus,nis,0,0,0,1,0,3974,0,0,0,0,0,0,gcggttatacgagagacccaagttgatagacagcggcgtaaagagtggttaagaactaaaccaaaactaaagccgaacgctctcaaagctgttatacgcactcgagagtatgaagttcaactacgaaagtggctttaccctttctgaacccacgaaagctaggaca
MPAs_000000316,species,Sparus aurata,native,0,1,1,0,0,0,0,0,1,0,0,1,gcggttatacgggaggcccaagttgttagaagtcggcgtaaagggtggttaagaacaagcttaaaattaaagccgaacaccttccgagctgttatacgcatccgaaggtaagaagctcaattacgaaagtagctttataatttctgaacccacgaaagctaggaca
MPAs_000000281,species,Spondyliosoma cantharus,native,0,0,0,0,1,3,1,0,0,0,0,0,gcggttatacgggaggcccaagttgttagaagtcggcgtaaagggtggttaagagcaaacttaaaattaaagccgaacaccttccaagctgttatacgcctccggaggcaagaagctcaattacgaaagtagctttatattttctgaacccacgaaagctaagaca
MPAs_000000035,species,Sprattus sprattus,native,0,0,0,1,2,1,0,0,0,0,0,0,gcggttatacgagagaccctagttgatatattcggcgtaaagagtggttatggaaaacaagcactaaagccaaagagccctcaggccgttatacgcacccggggcctcgaaccactatcacgaaagtagctttaccctcgcccaccagaacccacgagagctgggaca
MPAs_000000528,species,Symphodus ocellatus,native,1,0,0,2,0,0,1,0,0,0,0,1,gcggttatacgagaggcccaagttgataaataccggcgtaaagggtggttagagaagaaactaaactaaagccaaacgccttcacagctgttatacgcttacgaagagcagagacacaaccacgaaagtggctttacttaacctgaccccacgaaagctagggca
MPAs_000000117,genus,Symphodus sp.,native,4,0,0,0,0,0,0,0,0,0,0,0,gcggttatacgagaggcccaagttgataaataccggcgtaaagagtggttagagaaacaactaaactaaagccaaacgccttcagagctgttatacgcttacgaagagcagagacacaaccacgaaagtggctttattaaacctgaccccacgaaagctagggca
MPAs_000000320,species,Symphodus tinca,native,0,1,0,1,2,0,1,0,0,0,0,0,gcggttatacgagaggcccaagttgataaataccggcgtaaagagtggttagagaaagaactaaactaaagccaaacgccttcagagctgttatacgcttacgaagagcagagacacaaccacgaaagtggctttatttgacctgaccccacgaaagctagggca
MPAs_000001498,species,Thalassoma pavo,native,0,0,0,1,0,0,0,0,0,0,0,0,gcggttagacgagagacccaagtggatggccctcggcgtaaagagtggttaagattgtttcaaactaaggcccaaagactttttagctgttatacgcgcgagaagacatgaagcccaactacgaaagtggccttaaaaccctgaccccacgaaagctagggca
MPAs_000000022,species,Trachurus mediterraneus,native,0,1,0,0,1,0,0,0,0,0,0,0,gcggttatacgagaggctcaagttgacagacaacggcgtaaagagtggttaaggaaaacattcaactaaagcggaaccccctcattgctgttatacgcttccgagggaatgaaccccaactacgaaggtggctttatattaacctgaacccacgaaagctaagaaa
