"","id","cluster_size","best_match.db_tele02_fish_nohuman_clean_uniq","order_name","family_name","genus_name","species_name","notes","nonnative","contamination","best_identity_final","best_identity.db_tele02_fish_nohuman_clean_uniq","rank_final","rank","scientific_name_final","scientific_name","species_list.db_tele02_fish_nohuman_clean_uniq","taxid","sequence","total_reads","sample.DBE_A_1eDNA","sample.DBE_A_2eDNA","sample.DBE_A_3eDNA","sample.DBE_A_BLACK1","sample.DBE_A_BLACK2","sample.DBE_A_BLACK3","sample.DBE_A_BROWN1","sample.DBE_A_YELLOW1","sample.DBE_A_YELLOW2","sample.DBE_A_YELLOW3","sample.DBE_A_unkown","sample.DBE_B_1eDNA","sample.DBE_B_2eDNA","sample.DBE_B_3eDNA","sample.DBE_B_BLACK1","sample.DBE_B_BLACK2","sample.DBE_B_BLACK3","sample.DBE_B_BROWN1","sample.DBE_B_BROWN2","sample.DBE_B_BROWN4","sample.DBE_C_1eDNA","sample.DBE_C_3eDNA","sample.DBE_C_BLACK1","sample.DBE_C_BLACK2","sample.DBE_C_BLACK3","sample.DBE_C_BROWN1","sample.DBE_C_BROWN2","sample.DBE_C_BROWN3","sample.DBE_fieldblank","sample.DBE_filterend","sample.DBE_filterstart","sample.DBM_A_1eDNA","sample.DBM_A_2eDNA","sample.DBM_A_3eDNA","sample.DBM_A_BLACK1","sample.DBM_A_BLACK2","sample.DBM_A_BLACK3","sample.DBM_A_BROWN1","sample.DBM_A_BROWN3","sample.DBM_A_YELLOW1","sample.DBM_A_YELLOW2","sample.DBM_A_YELLOW3","sample.DBM_B_1eDNA","sample.DBM_B_2eDNA","sample.DBM_B_3eDNA","sample.DBM_B_BLACK1","sample.DBM_B_BLACK2et","sample.DBM_B_BLACK3","sample.DBM_B_BROWN1","sample.DBM_B_BROWN2et","sample.DBM_B_BROWN3","sample.DBM_B_YELLOW1","sample.DBM_B_YELLOW2","sample.DBM_B_YELLOW3","sample.DBM_C_1eDNA","sample.DBM_C_2eDNA","sample.DBM_C_3eDNA","sample.DBM_C_BLACK1et","sample.DBM_C_BLACK2","sample.DBM_C_BLACK3","sample.DBM_C_BROWN1et","sample.DBM_C_BROWN2","sample.DBM_C_BROWN3","sample.DBM_C_YELLOW1","sample.DBM_C_YELLOW2","sample.DBM_C_YELLOW3","sample.DBM_fieldblank","sample.DBM_filterend","sample.DBM_filterstart","sample.DB_ext_blank","sample.EB2701","sample.KE_A_1eDNA","sample.KE_A_2eDNA","sample.KE_A_3eDNA","sample.KE_A_BROWN2","sample.KE_A_PURPLE1","sample.KE_A_PURPLE2","sample.KE_A_PURPLE3","sample.KE_B_1eDNA","sample.KE_B_2eDNA","sample.KE_B_3eDNA","sample.KE_B_BROWN2","sample.KE_B_PURPLE1","sample.KE_B_PURPLE2","sample.KE_B_PURPLE3","sample.KE_C_1eDNA","sample.KE_C_2eDNA","sample.KE_C_3eDNA","sample.KE_C_BROWN2","sample.KE_C_BROWN3","sample.KE_C_PURPLE1","sample.KE_C_PURPLE2","sample.KE_C_PURPLE3","sample.KE_ext_blank","sample.KE_fieldblank","sample.KE_filterend","sample.KE_filterstart","sample.KM_A_1eDNA","sample.KM_A_2eDNA","sample.KM_A_3eDNA","sample.KM_A_BROWN3","sample.KM_A_PURPLE1","sample.KM_A_PURPLE2","sample.KM_A_PURPLE3","sample.KM_B_1eDNA","sample.KM_B_2eDNA","sample.KM_B_3eDNA","sample.KM_B_PURPLE1","sample.KM_B_PURPLE2","sample.KM_B_PURPLE3","sample.KM_B_unkown4","sample.KM_C_1eDNA","sample.KM_C_2eDNA","sample.KM_C_3eDNA","sample.KM_C_BROWN2","sample.KM_C_BROWN3","sample.KM_C_PURPLE1","sample.KM_C_PURPLE2","sample.KM_C_PURPLE3","sample.KM_fieldblank","sample.KM_filterend","sample.pcrnegative","sample.pcrnegative4","sample.pcrpositive","sample.pcrpositive1","sample.pcrpositive2","sample.pcrpositive3","sample.pcrpositive4"
"1","gre2_000110890","size=349","GQ352660","Atheriniformes","Atherinidae","Atherina","Atherina hepsetus","","n","n",1,0.94011976,"genus","species","Atherina","Atherina hepsetus","['Atherina hepsetus']",238709,"gcggttatacgagaggcccaagttgatacccgccggcgtaaagagtggttaagggaacctgaaactaaagccgaacactctcagagctgttatatgcacccgagaacaagaagccctcttacgaaagtagctttaattctcctgactccacgtaagctgaggaa",1168,1,0,0,0,0,0,0,0,0,0,0,0,0,0,0,0,0,0,0,0,0,0,0,0,0,0,0,0,0,0,2,0,0,0,0,0,0,0,0,0,0,0,0,0,0,0,0,0,0,0,0,0,0,0,0,0,0,0,0,0,0,0,0,0,0,0,0,0,0,0,0,0,1,0,0,0,0,0,0,0,0,0,0,0,0,0,0,0,0,0,0,0,0,0,0,0,0,0,0,15,0,0,0,0,0,86,0,0,0,0,0,436,0,627,0,0,0,0,0,0,0,0,0,0,0,0,0,0
"2","gre2_000110591","size=6739","MN122938","Syngnathiformes","Callionymidae","Callionymus","Callionymus lyra","","n","n",1,0.792899408,"genus","species","Callionymus","Callionymus lyra","['Callionymus lyra']",34785,"gcggttatacgaaagacccaaattaatagaaacggcataaagggtggttagacaactaaaagaataaggtagaatttttcccaagctgtttaacgccacggaagaaagaaaaacatagacgaaagtgaccttaaattgttgaacccacgaaagctaagaaa",6747,6746,0,0,0,0,0,0,0,0,0,0,0,0,0,0,0,0,0,0,0,0,0,0,0,0,0,0,0,0,0,0,0,0,0,0,0,0,0,0,0,0,0,0,0,0,0,0,0,0,0,0,0,0,0,0,0,0,0,0,0,0,0,0,0,0,0,0,0,0,0,0,0,0,0,0,0,0,0,0,0,0,0,0,0,0,0,0,0,0,0,0,0,0,0,0,0,0,1,0,0,0,0,0,0,0,0,0,0,0,0,0,0,0,0,0,0,0,0,0,0,0,0,0,0,0,0,0,0
"3","gre2_000192519","size=3","AP005987","Syngnathiformes","Fistulariidae","Fistularia","Fistularia commersonii","","n","n",1,0.96969697,"genus","species","Fistularia","Fistularia commersonii","['Fistularia commersonii']",215343,"ggttatacgagaggccaaagttgatagcctacggcgtaaagagtggttaagatgtctaatttattaaagcagaatgccaccaaagctgttatacgcttccggaggtaagaagaaccaccacgaaagtggctttatgtgatctgaacccacgaaagctaggaaa",5,0,0,0,0,0,0,0,0,0,0,0,0,0,0,0,0,0,0,0,0,0,0,0,0,0,0,0,0,0,0,0,0,0,0,0,0,0,0,0,0,0,0,0,0,0,0,0,0,0,0,0,0,0,0,0,0,0,0,0,0,0,0,0,0,0,0,0,0,0,0,0,0,0,0,0,0,0,0,0,0,0,0,0,0,0,0,0,0,0,0,0,0,0,0,0,0,0,0,0,0,0,0,0,0,0,0,0,0,0,0,0,0,0,5,0,0,0,0,0,0,0,0,0,0,0,0,0,0
"4","gre2_000080524","size=2","EF218627","Gobiiformes","Gobiidae","Gobius","Gobius bucchichi","","n","n",1,0.963414634,"genus","species","Gobius","Gobius bucchichi","['Gobius bucchichi']",85416,"gcggttatacgagggacccaagttgacagagaacggcgtaaagagttgttaatgagatacatgataaagccaaataccatcaaggctgttatacgcatccgatagcaataggaacccacacgaaagtgtctttagtaagcatgaccccacgaaagctagggaa",6,0,0,0,0,0,0,0,0,0,0,0,0,0,0,0,0,0,0,0,0,0,0,0,0,0,0,0,0,0,0,0,0,0,0,0,0,0,0,0,0,0,0,0,0,0,0,0,0,0,0,0,0,0,0,0,0,0,0,0,0,0,0,0,0,0,0,0,0,0,0,0,0,0,0,0,0,0,0,0,0,0,0,4,0,0,0,0,0,0,0,0,0,0,0,0,0,0,0,0,0,0,0,0,0,0,0,0,0,0,0,0,0,0,0,0,0,0,0,2,0,0,0,0,0,0,0,0,0
"5","gre2_000110728","size=976","FJ848375","Perciformes","Serranidae","Hypoplectrus","Hypoplectrus gemma","manual blast reassignment","n","n",1,0.899408284,"genus","species","Serranus","Hypoplectrus gemma","['Hypoplectrus gemma']",184434,"gcggttatacgagaggcccaagttgatagatcccggcgtaaagagtggttaagaacaacaaatgattaaagccgaacgccctcaaagcagttatacgcatccgagggtaagaagccccataacgaaagtagctttattaatcctgactccacgaaagctaaggaa",990,466,0,0,0,0,0,0,0,0,0,0,0,0,0,0,0,0,0,0,0,0,0,0,0,0,0,0,0,0,0,0,0,0,0,0,0,0,0,0,0,0,0,0,0,0,0,0,0,0,0,0,0,0,0,0,0,524,0,0,0,0,0,0,0,0,0,0,0,0,0,0,0,0,0,0,0,0,0,0,0,0,0,0,0,0,0,0,0,0,0,0,0,0,0,0,0,0,0,0,0,0,0,0,0,0,0,0,0,0,0,0,0,0,0,0,0,0,0,0,0,0,0,0,0,0,0,0,0
"6","gre2_000111236","size=138","JF911706","Mugiliformes","Mugilidae","Chelon",NA,"","n","n",1,1,"genus","genus","Chelon","Chelon","[]",48170,"gcggttatacgagaggcccaagctgacagcccccggcgtaaagagtggttaagttaaccctaatgtgactaaagtcgaacgcccccaagaccgttatacgtgctcggaggtatgaagcccaactacgaaagtggctttaaaatacctgaccccacgaaagctgtgaaa",152,0,0,0,0,0,0,0,0,0,0,0,0,0,0,0,0,0,0,0,0,0,0,0,0,0,0,0,0,0,0,0,0,0,0,0,0,0,0,0,0,0,0,0,0,0,0,0,0,0,0,0,0,0,0,0,0,0,0,0,0,0,0,0,0,0,0,0,0,0,0,0,0,0,0,0,0,0,0,0,0,0,0,0,0,0,0,0,0,0,0,0,0,0,0,0,0,0,0,0,152,0,0,0,0,0,0,0,0,0,0,0,0,0,0,0,0,0,0,0,0,0,0,0,0,0,0,0,0
"7","gre2_000112033","size=553","AJ810141","Labriformes","Labridae","Labrus",NA,"probably brown wrasse but can't distinguish between ballan wrasse","n","n",1,1,"genus","genus","Labrus","Labrus","[]",30799,"gcggttatacgaaagacccaagttgataatcaccggcgtaaagagtggttaagataaacccccaaactaaagccgaacatcttcaaagctgttatacgcacacgaagaaaagaaacccaaccacgaaagtggctttataatatctgaccccacgaaagctatgtca",582,578,0,0,0,0,0,0,0,0,0,0,0,0,0,0,0,0,0,0,0,0,0,0,0,0,0,0,0,0,0,0,0,0,0,0,0,0,0,0,0,0,0,0,0,0,0,0,0,0,0,0,0,0,0,0,0,0,0,0,0,0,0,0,0,0,0,0,0,0,0,0,0,1,0,0,0,0,0,0,0,0,0,0,0,0,0,0,0,0,0,0,0,0,0,0,0,0,0,0,0,0,0,0,0,0,3,0,0,0,0,0,0,0,0,0,0,0,0,0,0,0,0,0,0,0,0,0,0
"8","gre2_000110413","size=1890","KP939271","Lutjaniformes","Lutjanidae","Lutjanus",NA,"snappers non-native; blast","y","n",0.993975904,0.993975904,"genus","genus","Lutjanus","Lutjanus","[]",40493,"gcggttatacgagagacccaagttgttagacaccggcgtaaagagtggttaagatttcctttaatactaaagccgaacgccctcagagttgttatacgcattcgaaggtaagaagcccaatcacgaaagtggctttataacatccgaacccacgaaagctatggta",1905,0,0,0,0,0,0,0,0,0,0,0,0,0,0,0,0,0,0,0,0,0,0,0,0,0,0,0,0,0,0,0,0,0,0,0,0,0,0,0,0,0,0,0,0,0,0,0,0,0,0,0,0,0,0,0,0,0,0,0,0,0,0,0,0,0,0,0,0,0,0,0,0,0,0,0,0,0,0,0,0,0,0,0,0,0,0,1905,0,0,0,0,0,0,0,0,0,0,0,0,0,0,0,0,0,0,0,0,0,0,0,0,0,0,0,0,0,0,0,0,0,0,0,0,0,0,0,0,0
"9","gre2_000133142","size=8","AJ810154","Labriformes","Labridae",NA,NA,"manual blast reassignment","n","n",1,0.922155689,"genus","family","Thalassoma","Labridae","['Thalassoma lucasanum', 'Thalassoma bifasciatum', 'Thalassoma lunare', 'Thalassoma quinquevittatum', 'Gomphosus varius']",8247,"gcggttagacgagagacccaagtggatggccctcggcgtaaagagtggttaagattgtttcaaactaaggcccaaagactttttagctgttatacgcgcgagaagacatgaagcccaactacgaaagtggccttaaaaccctgaacacacaatagctaagacc",32,3,0,0,0,0,0,0,0,0,0,0,2,0,0,0,0,0,0,0,0,0,0,0,0,0,0,0,0,0,0,0,0,0,0,0,0,0,0,0,0,0,0,0,0,0,0,0,0,0,0,0,0,0,0,0,2,0,0,0,0,0,0,0,0,0,0,0,0,0,0,0,0,0,0,0,0,0,0,0,0,0,0,2,0,0,0,0,0,0,0,0,0,0,0,0,0,0,0,0,6,0,0,0,0,0,14,0,0,0,0,0,0,0,3,0,0,0,0,0,0,0,0,0,0,0,0,0,0
"10","gre2_000000001","size=10095","AB305023","Spariformes","Sparidae","Pagellus","Pagellus bogaraveo","","n","n",1,0.946107784,"genus","species","Diplodus","Pagellus bogaraveo","['Pagellus bogaraveo']",98819,"gcggttatacgggaggcccaagttgtcagaagtcggcgtaaagggtggttaagaataagcctaaaattaaagccgaacatcttccgggctgttatacgcatccgaagataagaagcccaactacgaaagtagctttatgtcttctgaacccacgaaagctaagata",13283,1713,0,0,0,0,0,0,0,0,0,0,2344,0,0,0,0,0,0,0,0,0,0,0,0,0,0,0,0,0,0,0,0,0,0,0,0,0,0,0,0,0,0,0,0,0,0,3401,0,0,0,0,0,0,0,0,2144,4,0,0,0,0,0,0,0,0,0,0,0,0,0,0,0,0,0,0,0,0,0,0,0,0,0,0,0,0,0,0,0,0,0,1,0,0,0,0,0,0,0,0,1590,644,0,0,0,0,1240,0,0,0,202,0,0,0,0,0,0,0,0,0,0,0,0,0,0,0,0,0,0
"11","gre2_000121432","size=8","LC493918","Perciformes","Zoarcidae",NA,NA,"possible seafood contamination ","n","y",1,0.975609756,"genus","subfamily","Lycodes","Lycodinae","['Lycodes esmarkii', 'Lycodes brevipes', 'Lycodes tanakae', 'Bothrocara hollandi', 'Lycodes reticulatus']",561516,"gcggttatacgagaggcccaagttgaaagaccccggcgtaaagagtggttaagctagaatttatactaaagccgaacatcctcacggctgttatacgcacccgaagataagaagctcaaccacgaaggtagctttatatgtctgaacccacgaaagctaagaaa",10,0,0,0,0,0,0,0,0,0,0,0,0,0,0,0,0,0,0,0,0,0,0,0,0,0,0,0,0,0,0,0,0,0,0,0,0,0,0,0,0,0,0,0,0,0,0,0,0,0,0,0,0,0,0,0,0,0,0,0,0,0,0,0,0,0,0,0,0,0,0,0,0,0,0,0,0,0,0,0,10,0,0,0,0,0,0,0,0,0,0,0,0,0,0,0,0,0,0,0,0,0,0,0,0,0,0,0,0,0,0,0,0,0,0,0,0,0,0,0,0,0,0,0,0,0,0,0,0
"12","gre2_000110714","size=918","MN122842","Gobiiformes","Gobiidae","Pomatoschistus",NA,"manual blast reassignment","n","n",1,0.952095808,"genus","genus","Pomatoschistus","Pomatoschistus","['Pomatoschistus knerii', 'Pomatoschistus microps', 'Pomatoschistus minutus']",13224,"gcggttatacgagaggcccgagctgatggatgccggcgtaaaatgtggttaatttacagtattgcactaaagcgaaacaccttctaagctgttatatgctctcgaaggcaggagcccctcttacgaaagtagctttaaacaacatgaccccacgaaagctaggaga",958,957,0,0,0,0,0,0,0,0,0,0,0,0,0,0,0,0,0,0,0,0,0,0,0,0,0,0,0,0,0,0,0,0,0,0,0,0,0,0,0,0,0,0,0,0,0,0,0,0,0,0,0,0,0,0,0,0,0,0,0,0,0,0,0,0,0,0,0,0,0,0,0,0,0,0,0,0,0,0,1,0,0,0,0,0,0,0,0,0,0,0,0,0,0,0,0,0,0,0,0,0,0,0,0,0,0,0,0,0,0,0,0,0,0,0,0,0,0,0,0,0,0,0,0,0,0,0,0
"13","gre2_000192606","size=3","MG677546",NA,"Siganidae","Siganus",NA,"manual blast reassignment","n","n",1,0.976190476,"genus","genus","Siganus","Siganus","['Siganus sutor']",75041,"gcggttatacgagagacccaagttgatagacagcggcgtaaagagtggttaagaactaaaccaaaactaaagccgaacgctctcaaagctgttatacgcactcgagagtatgaagttcaactacgaaagtggctttaacccttctgaacccacgaaagctagggaa",8,0,0,0,0,0,0,0,0,0,0,0,0,0,0,0,0,0,0,0,0,0,0,0,2,0,0,0,0,0,0,0,0,0,0,0,0,0,0,0,0,0,0,0,0,0,0,0,0,0,0,0,0,0,0,0,0,6,0,0,0,0,0,0,0,0,0,0,0,0,0,0,0,0,0,0,0,0,0,0,0,0,0,0,0,0,0,0,0,0,0,0,0,0,0,0,0,0,0,0,0,0,0,0,0,0,0,0,0,0,0,0,0,0,0,0,0,0,0,0,0,0,0,0,0,0,0,0,0
"14","gre2_000154404","size=5","AJ810147","Labriformes","Labridae","Symphodus",NA,"manual blast reassignment","n","n",0.981818182,0.981818182,"species","genus","Symphodus cinereus ","Symphodus","['Symphodus tinca', 'Symphodus cinereus', 'Symphodus mediterraneus', 'Symphodus roissali']",130471,"ggttatacgagaggcccaagttgataaataccggcgtaaagagtggttagagaaagaactaaactaaagccaaacgccttcagagctgttatacgcttacgaagagcagagacacaaccacgaaagtggctttattaaacctgaccccacgaaagctagggca",12,0,0,0,0,0,0,0,0,0,0,0,0,0,0,0,0,0,0,0,0,0,0,0,0,0,0,0,0,0,0,0,0,0,0,0,0,0,0,0,0,0,0,0,0,0,0,0,0,0,0,0,0,0,0,0,0,0,0,0,0,0,0,0,0,0,0,0,0,0,0,0,0,0,0,0,0,0,0,0,0,0,0,0,0,0,0,0,0,0,0,0,0,0,0,0,0,0,0,0,0,0,0,0,0,0,12,0,0,0,0,0,0,0,0,0,0,0,0,0,0,0,0,0,0,0,0,0,0
"15","gre2_000206297","size=2","AJ810150","Labriformes","Labridae","Symphodus",NA,"","n","n",1,0.951807229,"genus","genus","Symphodus","Symphodus","['Symphodus ocellatus', 'Symphodus tinca', 'Symphodus cinereus', 'Symphodus mediterraneus', 'Symphodus roissali']",130471,"gcggttatacgggcaggcccaagttgataaatactggcgtaaagagtggttagagaagaaactaaactaaagccaaacgccttcagagctgttatacgcttacgaagagcagaggcacgaccacgaaagtggccttacttaacctgaccccacgaaagctagggca",6,0,0,0,0,0,0,0,0,0,0,0,0,0,0,0,0,0,0,0,0,0,0,0,0,0,0,0,0,0,0,0,0,0,0,0,0,0,0,0,0,0,0,0,0,0,0,0,0,0,0,0,0,0,0,0,0,0,0,0,0,0,0,0,0,0,0,0,0,0,0,0,0,0,0,0,0,0,0,0,4,0,0,0,0,0,0,0,0,0,0,0,0,0,0,0,0,0,0,0,0,0,0,0,0,0,2,0,0,0,0,0,0,0,0,0,0,0,0,0,0,0,0,0,0,0,0,0,0
"16","gre2_000110398","size=12159","GQ352660","Atheriniformes","Atherinidae","Atherina","Atherina hepsetus","","n","n",1,1,"species","species","Atherina hepsetus","Atherina hepsetus","['Atherina hepsetus']",238709,"gcggttatacgagaggcccaagttgatacccgccggcgtaaagagtggttaagagaacctaagactaaagccgaacactctcaaagctgttatatgcacccgagagcaagaagccctctcacgaaagtagctttaacctttctgactccacgtaagctgaggaa",12699,2,0,0,0,0,0,0,0,0,0,0,0,0,0,0,0,0,0,0,0,0,0,0,0,0,0,0,0,0,0,0,0,0,0,0,0,0,0,0,0,0,0,0,0,0,0,0,0,0,0,0,0,0,0,0,1,0,0,0,0,0,0,0,0,0,0,0,0,0,0,0,0,1,0,0,0,0,0,0,0,0,0,0,0,0,0,0,0,0,0,0,0,0,0,0,0,0,0,0,80,0,0,0,0,0,414,0,0,0,0,0,7255,0,4946,0,0,0,0,0,0,0,0,0,0,0,0,0,0
"17","gre2_000111343","size=930","AP005980","Atheriniformes","Atherinidae","Atherinomorus","Atherinomorus lacunosus","non-native; recorded in mediterranean","y","n",1,0.975903614,"species","species","Atherinomorus forskalii","Atherinomorus lacunosus","['Atherinomorus lacunosus']",215336,"gcggttatacgagaggtccaagttgatagccatcggcgtaaagagtggttaagagaaaaccaaaactaaagctgaacactctcaaaactgttatacgttcccgagagccagaagcccttctacgaaagtggctttaacccttctgaacccacgaaagctagggaa",943,0,0,0,0,0,0,0,0,0,0,0,0,0,0,0,0,0,0,0,0,0,0,0,0,0,0,0,0,0,0,0,0,0,0,0,0,0,0,0,0,0,0,0,0,0,0,0,0,0,0,0,0,0,0,0,0,664,0,0,0,0,0,0,0,0,0,0,0,0,0,0,0,0,0,0,0,0,0,0,1,0,0,0,0,0,0,0,0,0,0,0,0,0,0,0,0,0,0,0,278,0,0,0,0,0,0,0,0,0,0,0,0,0,0,0,0,0,0,0,0,0,0,0,0,0,0,0,0
"18","gre2_000110879","size=1332","AP002918","Aulopiformes","Chlorophthalmidae","Chlorophthalmus","Chlorophthalmus agassizi","","n","n",1,1,"species","species","Chlorophthalmus agassizi","Chlorophthalmus agassizi","['Chlorophthalmus agassizi']",143313,"gcggttatacgggcaggcccaagttgacagaattcggcgtaaagagtggttacggatacaatttactaaagttaaacaccccccttgctgtaatacgcggccgggggtaggagaccccgctacgaaagttgctttaataaccctcccgaccccaccacagccaggaaa",1871,0,0,0,0,0,0,0,0,0,0,0,0,0,0,0,0,0,0,0,0,0,0,0,0,0,0,0,0,0,0,0,0,0,0,0,0,0,0,0,0,0,0,0,0,0,0,0,0,0,0,0,0,0,0,0,0,0,0,0,0,0,0,0,0,0,0,0,0,0,0,0,0,0,0,0,0,0,0,0,1867,0,0,0,0,0,0,0,2,0,0,0,0,0,0,0,0,0,0,0,0,0,0,0,0,0,0,0,0,0,0,0,2,0,0,0,0,0,0,0,0,0,0,0,0,0,0,0,0
"19","gre2_000111514","size=26","EU921687","Anguilliformes","Muraenidae","Enchelycore","Enchelycore anatina","","n","n",1,1,"species","species","Enchelycore anatina","Enchelycore anatina","['Enchelycore anatina']",426092,"gcggttatacgaggggcccaaattgacgcatcacggcgtaaagtgtgattagaggcactcttaaactagaaccaaataccccttatgcagtcatacgccatgggggtcaagaagcccaacaacgaaagtggttctataaatcttgaactcacgacagctaggata",29,0,0,0,0,0,0,0,0,0,0,0,0,0,0,0,0,0,0,0,0,0,0,0,0,0,0,0,0,0,0,0,0,0,0,0,0,0,0,0,0,0,0,0,0,0,0,0,0,0,0,0,0,0,0,0,0,0,0,0,0,0,0,0,0,0,0,0,0,0,0,0,0,0,0,0,0,0,0,0,0,0,0,0,0,0,0,0,0,0,0,0,0,0,0,0,0,0,0,0,29,0,0,0,0,0,0,0,0,0,0,0,0,0,0,0,0,0,0,0,0,0,0,0,0,0,0,0,0
"20","gre2_000110454","size=1256","AP005987","Syngnathiformes","Fistulariidae","Fistularia","Fistularia commersonii","non-native species","y","n",1,1,"species","species","Fistularia commersonii","Fistularia commersonii","['Fistularia commersonii']",215343,"gcggttatacgagaggcccaagttgatagcctacggcgtaaagagtggttaagatgtctaatttattaaagccgaatgcccccaaagctgttatacgcttccggaggtaagaagaaccaccacgaaagtggctttatgtgatctgaacccacgaaagctaggaaa",1301,1,0,0,0,0,0,0,0,0,0,0,0,0,0,0,0,0,0,0,0,0,0,0,0,0,0,0,0,0,0,0,0,0,0,0,0,0,0,0,0,0,0,0,0,0,0,0,0,0,0,0,0,0,0,0,0,0,0,0,0,0,0,0,0,0,0,0,0,0,0,0,0,0,0,0,0,0,0,0,0,0,0,0,0,0,0,0,0,0,0,0,0,0,0,0,0,0,0,0,0,0,0,0,0,0,1,0,0,0,0,0,0,0,1299,0,0,0,0,0,0,0,0,0,0,0,0,0,0
"21","gre2_000000062","size=6168","EF218627","Gobiiformes","Gobiidae","Gobius","Gobius bucchichi","","n","n",1,1,"species","species","Gobius bucchichi","Gobius bucchichi","['Gobius bucchichi']",85416,"gcggttatacgagggacccaagttgacagaaaacggcgtaaagagtggttaatgagagacatgataaagccaaataccatcaaggctgttatacgcatccgatagcaagaggaacccacacgaaagtagctttagtaagcatgaccccacgaaagctagggaa",6213,2,0,0,0,0,0,0,0,0,0,0,0,0,0,0,0,0,0,0,0,0,0,0,0,0,0,0,0,0,0,0,0,0,0,0,0,0,0,0,0,0,0,0,0,0,0,1,0,0,0,0,0,0,0,0,11,0,0,0,0,0,0,0,0,0,0,0,0,0,0,0,0,0,0,0,1,0,0,0,0,0,0,6192,0,0,0,0,0,0,0,0,0,0,0,0,0,0,0,0,0,0,2,0,0,0,0,0,0,0,0,0,0,0,2,1,0,0,0,0,0,0,0,0,1,0,0,0,0
"22","gre2_000000435","size=5646","EF218636","Gobiiformes","Gobiidae","Gobius","Gobius paganellus","","n","n",1,1,"species","species","Gobius paganellus","Gobius paganellus","['Gobius paganellus']",85418,"gcggttatacgagaggcccaagttgacgaaaatcggcgtaaagcgtggttaatgagaccataactaaagccgaacgccctcaaggctgttatacgcccccgaagacaggaagtcccgtcacgaaagtagctttaaccatcatgaacccacgagagctagggaa",5675,3,0,0,0,0,0,0,0,0,0,0,0,0,0,0,0,0,0,0,0,0,0,0,0,0,0,0,0,0,0,0,0,0,0,0,0,0,0,0,0,0,0,0,0,0,0,0,0,0,0,0,0,0,0,0,0,1401,0,0,0,0,0,0,0,0,0,0,0,0,0,0,0,0,0,0,0,0,0,0,1,0,0,0,0,0,0,0,0,0,0,0,0,0,0,0,0,0,0,0,0,0,0,0,0,0,0,0,0,0,0,0,0,0,0,0,0,0,0,4270,0,0,0,0,0,0,0,0,0
"23","gre2_000111243","size=876","FR751402","Gadiformes","Merlucciidae","Merluccius","Merluccius merluccius","seafood trawl catch","n","y",0.993939394,0.993939394,"species","species","Merluccius merluccius","Merluccius merluccius","['Merluccius merluccius']",8063,"acggttatacgagcggcccaagttgataaaaaacggcgtaaagcgtggttaaaaaatgttaaaactagagccgaataacctcaaagcagttatacgcattcgagaccacgaagcacaattacgaaagtagctctacccgtctttgactccacgaaaaccataaaa",879,0,0,0,0,0,0,0,0,0,0,0,0,0,0,0,0,0,0,0,0,0,0,0,0,0,0,0,0,0,0,0,0,0,0,0,0,0,0,0,0,0,0,0,0,0,0,0,0,0,0,0,0,0,0,0,0,0,0,0,0,0,0,0,0,0,0,0,0,0,0,0,0,0,0,0,0,0,0,0,879,0,0,0,0,0,0,0,0,0,0,0,0,0,0,0,0,0,0,0,0,0,0,0,0,0,0,0,0,0,0,0,0,0,0,0,0,0,0,0,0,0,0,0,0,0,0,0,0
"24","gre2_000000028","size=58611","AJ810154","Labriformes","Labridae",NA,NA,"manual blast reassignment","n","n",0.9938,0.951807229,"species","family","Thalassoma pavo","Labridae","['Thalassoma lucasanum', 'Thalassoma bifasciatum', 'Thalassoma lunare', 'Thalassoma quinquevittatum', 'Gomphosus varius']",8247,"gcggttagacgagagacccaagtggatggccctcggcgtaaagagtggttaagattgtttcaaactaaggcccaaagactttttagctgttatacgcgcgagaagacatgaagcccaactacgaaagtggccttaaaaccctgaccccacgaaagctagggca",59254,1883,1,0,0,1,0,2998,1,0,0,0,4263,1,0,0,0,0,0,0,0,0,0,0,4,0,0,0,0,0,2,0,0,0,0,0,0,0,0,0,0,0,0,0,1,0,0,0,0,0,683,2,0,0,1,1,5461,0,0,0,0,0,0,0,0,0,0,0,0,0,0,0,0,0,0,0,4280,0,0,0,0,0,0,15353,0,1,0,0,2,0,0,2,0,0,0,0,0,0,1,0,5633,0,908,1,0,0,7549,0,0,0,168,948,305,5,8794,0,0,0,0,0,0,0,1,0,0,0,0,0,0
"25","gre2_000001084","size=1907","AP012310",NA,NA,NA,NA,"manual blast reassignment","n","n",1,0.857142857,"species","clade","Mullus surmuletus","Percomorphaceae","['Parupeneus barberinus', 'Mulloidichthys vanicolensis', 'Parupeneus multifasciatus', 'Upeneus tragula']",1489872,"gcggttatacgaggggcccaagttgatagataacggcgtaaagggtggttagggaacatcatatagtaaagccgaacgtcttcaatgttgttataagctctcgaagattggaagccccaccacgaaagtggctttaccgctcctgaacccacgaaagccagggaa",1910,0,0,0,0,0,0,0,0,0,0,0,0,0,0,0,0,0,0,0,0,0,0,0,0,0,0,0,585,0,0,0,0,0,0,0,0,0,0,0,0,0,0,0,0,0,0,0,0,0,0,0,0,0,0,0,0,0,0,0,0,0,0,0,0,0,0,0,0,0,0,0,0,0,0,0,0,0,0,0,0,0,0,0,0,0,0,0,0,0,0,0,0,0,0,0,0,0,0,0,88,0,0,0,0,0,1237,0,0,0,0,0,0,0,0,0,0,0,0,0,0,0,0,0,0,0,0,0,0
"26","gre2_000110545","size=939","AB128932","Pleuronectiformes","Pleuronectidae","Reinhardtius","Reinhardtius hippoglossoides","contamination","y","y",1,1,"species","species","Reinhardtius hippoglossoides","Reinhardtius hippoglossoides","['Reinhardtius hippoglossoides']",111784,"gcggttatacgagaggcccaagttgacaaacaacggcgtaaagagtggttaggggatttactaaactagagccgaacgctttcagagctgttatacgcacccgaaagtatgaaacccaattacgaaagtagctctactcatcctgaacccacgaaagctaagaaa",972,0,0,0,0,0,0,0,0,0,0,0,0,0,0,0,0,0,0,0,0,0,0,0,0,0,0,0,0,0,0,0,0,0,0,0,0,0,0,0,0,0,0,0,0,0,0,0,0,0,0,0,0,0,0,0,0,0,0,0,0,0,0,0,0,0,0,0,0,0,0,0,0,0,0,0,0,0,0,0,970,0,0,0,0,0,0,0,0,0,0,0,0,0,0,0,0,0,0,0,0,0,0,0,0,0,0,0,0,0,0,0,0,0,2,0,0,0,0,0,0,0,0,0,0,0,0,0,0
"27","gre2_000110514","size=1253","JQ728563",NA,"Sciaenidae",NA,NA,"manual blast reassignment","n","n",1,0.981707317,"species","family","Argyrosomus regius","Sciaenidae","[]",30870,"gcggttatacgagaggcccaagtcgatagtcaacggcgtaaagagtggttagaaggagcccattactaaagccgaacaccctcaaagctgttatacgcacccgaaggtgagaagcccatccacgaaagtggctttacaaccttgaatccacgaaagctatgata",1334,1331,0,0,0,0,0,0,0,0,0,0,0,0,0,0,0,0,0,0,0,0,0,0,0,0,0,0,0,0,0,0,0,0,0,0,0,0,0,0,0,0,0,0,0,0,0,0,0,0,0,0,0,0,0,0,0,0,0,0,0,0,0,0,0,0,0,0,0,0,0,0,0,0,0,0,0,0,0,0,0,0,0,0,0,0,0,0,0,0,0,0,0,0,0,0,0,0,0,0,0,0,0,0,0,0,1,0,0,0,0,0,0,0,2,0,0,0,0,0,0,0,0,0,0,0,0,0,0
"28","gre2_000120754","size=61","AB305023","Spariformes","Sparidae",NA,NA,"manual blast reassignment","n","n",1,0.934131737,"species","family","Diplodus sargus","Sparidae","['Pagellus acarne', 'Rhabdosargus sarba', 'Pagellus bogaraveo']",8169,"gcggttatacgggaggcccaagttgtcagaagtcggcgtaaagggtggttaagaataagcctaaaattaaagccgaacatcttccgggctgttatacgcatccgaagataagaagcccaactacgaaagtagctttatgtcttctgaacccacgaaagctaagacc",139,17,0,0,0,0,0,0,0,0,0,0,0,0,0,0,0,0,0,0,0,0,0,0,0,0,0,0,0,0,0,0,0,0,0,0,0,0,0,0,0,0,0,0,0,0,0,17,0,0,0,0,0,0,0,0,35,0,0,0,0,0,0,0,0,0,0,0,0,0,0,0,0,0,0,0,0,0,0,0,0,0,0,0,0,0,0,0,0,0,0,0,0,0,0,0,0,0,0,0,40,4,0,0,0,0,26,0,0,0,0,0,0,0,0,0,0,0,0,0,0,0,0,0,0,0,0,0,0
"29","gre2_000155665","size=12","LC493918","Perciformes","Zoarcidae",NA,NA,"possible seafood contamination ","n","y",1,0.981707317,"species","subfamily","Lycodes terraenovae","Lycodinae","['Lycodes esmarkii', 'Bothrocara hollandi']",561516,"ggttatacgagaggcccaagttgaaagaccccggcgtaaagagtggttaagctagaatttatactaaagccgaacatcctcacggctgttatacgcacccgaagataagaagctcaaccacgaaggtagctttatatgtctgaacccacgaaagctacggca",15,0,0,0,0,0,0,0,0,0,0,0,0,0,0,0,0,0,0,0,0,0,0,0,0,0,0,0,0,0,0,0,0,0,0,0,0,0,0,0,0,0,0,0,0,0,0,0,0,0,0,0,0,0,0,0,0,0,0,0,0,0,0,0,0,0,0,0,0,0,0,0,0,0,0,0,0,0,0,0,15,0,0,0,0,0,0,0,0,0,0,0,0,0,0,0,0,0,0,0,0,0,0,0,0,0,0,0,0,0,0,0,0,0,0,0,0,0,0,0,0,0,0,0,0,0,0,0,0
"30","gre2_000000006","size=162165","KC846907","Siluriformes","Pangasiidae","Pangasianodon","Pangasianodon hypophthalmus","positive control","y","y",1,1,"species","species","Pangasianodon hypophthalmus","Pangasianodon hypophthalmus","['Pangasianodon hypophthalmus']",310915,"gcggttatacgaaagaccccagttgataactacggcgtaaagggtggttaagggatataaaaataaagctaaagactctctaagccgtcatacgcactccgagagcacgaaaccctgacacgaaagtagctttaaacaaacttcacctgaccccacgaaagctaagaaa",165034,1,0,1,0,1,0,0,0,0,0,0,3,1,1,0,0,0,0,0,0,0,2,0,2,0,0,0,0,2,1,0,1,2,0,0,0,0,2660,0,0,0,0,0,4,3,499,1045,0,28475,94,150,58,0,13,0,1,3,0,0,253,0,0,1695,0,320,2600,0,0,3,0,0,1443,30269,9495,0,1,0,0,15216,19288,9,1,0,0,0,1932,0,2,0,0,0,0,0,0,0,2,0,34828,1,7,0,0,0,0,2,0,1,0,1,0,1,4,1,5,1,0,0,2,0,0,0,0,0,13160,508,790,19,151
"31","gre2_000000080","size=22735","MG677546",NA,"Siganidae","Siganus",NA,"manual blast reassignment","y","n",1,0.988023952,"species","genus","Siganus luridus","Siganus","['Siganus sutor']",75041,"gcggttatacgagagacccaagttgatagacagcggcgtaaagagtggttaagaactaaaccaaaactaaagccgaacgctctcaaagctgttatacgcactcgagagtatgaagttcaactacgaaagtggctttaccctttctgaacccacgaaagctaggaca",22858,0,0,0,0,0,0,0,0,0,0,0,12916,0,0,0,0,0,0,0,10,0,0,0,8506,0,0,0,0,0,0,0,0,0,0,0,0,0,0,0,0,0,0,0,0,0,0,0,0,0,0,0,0,0,0,0,3,812,0,0,0,0,0,0,0,0,0,0,0,0,0,0,0,0,0,0,0,0,0,0,0,0,0,0,0,0,0,0,0,0,0,0,0,0,0,0,0,0,0,1,167,0,0,0,0,0,230,0,0,0,213,0,0,0,0,0,0,0,0,0,0,0,0,0,0,0,0,0,0
"32","gre2_000000578","size=6752","EU601219","Labriformes","Labridae","Sparisoma",NA,"manual blast reassignment","n","n",1,0.9,"species","genus","Sparisoma cretense","Sparisoma","['Sparisoma viride', 'Sparisoma axillare', 'Sparisoma chrysopterum', 'Sparisoma aurofrenatum']",51764,"gcggttatacgaaaagcccaagttaacagactaacggcgtaaagggtggttagggcataccttactaaactagagctgaacttcttcagagctgttatacgcgtccgaaaagcagaacatcaactacgaaagtgtctctaagtctcctgacaccacgaaagctatggca",6839,0,0,0,0,0,0,0,0,0,0,0,5025,0,0,0,0,0,0,0,0,0,0,0,0,0,0,0,0,0,0,0,0,0,0,0,0,0,0,0,0,0,0,0,0,0,0,0,0,0,0,0,0,0,0,0,0,0,0,1,0,0,0,0,0,0,0,0,0,0,0,0,0,0,0,0,1,0,0,0,0,0,0,0,0,0,0,0,0,0,0,0,0,0,0,0,0,0,0,0,625,0,0,0,0,0,0,0,0,0,0,1187,0,0,0,0,0,0,0,0,0,0,0,0,0,0,0,0,0
"33","gre2_000110841","size=1210","AJ810150","Labriformes","Labridae","Symphodus","Symphodus ocellatus","manual blast reassignment","n","n",0.9939,0.981818182,"species","species","Symphodus melops","Symphodus ocellatus","['Symphodus ocellatus']",130472,"gcggttatacgagaggcccaagttgataaataccggcgtaaagagtggttagagaagaaactaaactaaagccaaacgccttcagagctgttatacgcttacgaagagcagagacacaaccacgaaagtggccttacttaacctgaccccacgaaagctagggca",1226,3,0,0,0,0,0,0,0,0,0,0,0,0,0,0,0,0,0,0,0,0,0,0,0,0,0,0,0,0,0,0,0,0,0,0,0,0,0,0,0,0,0,0,0,0,0,0,0,0,0,0,0,0,0,0,0,0,0,0,0,0,0,0,0,0,0,0,0,0,0,0,0,0,0,0,0,0,0,0,1223,0,0,0,0,0,0,0,0,0,0,0,0,0,0,0,0,0,0,0,0,0,0,0,0,0,0,0,0,0,0,0,0,0,0,0,0,0,0,0,0,0,0,0,0,0,0,0,0
"34","gre2_000111379","size=1104","JF911712","Mugiliformes","Mugilidae","Oedalechilus","Oedalechilus labeo","rare mullet","","",1,1,"species","species","Oedalechilus labeo","Oedalechilus labeo","['Oedalechilus labeo']",48196,"gcggttatacgagaggcccaagctgacagccattggcgtaaagagtggtttagtaaatcttaaacataactaaagtcgaacgcccccaagaccgttatacgtgttcggaggtatgaagtccagctacgaaagtgactttaacagacctgaccccacgaaagctgtgaaa",1129,0,1,0,0,0,0,0,0,0,0,0,0,0,0,0,0,0,0,0,0,0,0,0,0,0,0,0,0,0,0,0,0,0,0,0,0,0,0,0,0,0,0,0,0,0,0,0,0,0,0,0,0,0,0,0,0,0,0,0,0,0,0,0,0,0,0,0,0,0,0,0,1,0,0,0,0,0,0,0,0,0,0,0,0,0,0,0,0,0,0,0,0,0,0,0,0,0,0,0,403,0,0,0,0,0,724,0,0,0,0,0,0,0,0,0,0,0,0,0,0,0,0,0,0,0,0,0,0
"35","gre2_000002161","size=2624","KJ956251","Clupeiformes","Clupeidae","Sardinella","Sardinella longiceps","manual blast reassignment","n","n",0.994,0.988095238,"species","species","Sardinella aurita","Sardinella longiceps","['Sardinella longiceps']",96888,"gcggttatacgagaggcccaagttgataagcccggcgtaaagagtggttatggaacccgcccccactaaagctaaagagcccctaagctgttatacgcacttggaagcttgaacccctgacacgaaagtagctttatcttctcctgaacccacgatagctggggca",2672,1494,0,0,0,0,0,0,0,0,0,0,0,0,0,0,0,0,0,0,0,0,0,0,0,0,0,0,0,0,0,0,0,0,0,0,0,0,0,0,0,0,0,0,0,0,0,0,0,0,0,0,0,0,0,0,0,69,0,0,0,0,0,0,0,0,0,0,0,0,0,0,0,0,0,0,0,0,0,0,0,0,0,0,548,0,0,0,0,0,0,0,0,0,0,0,0,0,0,0,14,0,0,0,0,0,365,0,0,0,0,0,69,0,113,0,0,0,0,0,0,0,0,0,0,0,0,0,0
"36","gre2_000110722","size=1165","AB120717","Scombriformes","Scombridae","Scomber","Scomber scombrus","","n","n",0.993939394,0.993939394,"species","species","Scomber scombrus","Scomber scombrus","['Scomber scombrus']",13677,"gcggttatacgataggcccaagttgacagaccccggcgtaaagcgtggttagggaaaattcaaaactaaagccgaacaccttcagggcagtcatacgcttccgaaggcacgaagcccctccacgaaagtggctttactacccccgaccccacgaaagctaggaca",1194,0,0,0,0,0,0,0,0,0,0,0,0,0,0,0,0,0,0,0,0,0,0,0,0,0,0,0,0,0,0,2,0,0,0,0,0,0,0,0,0,0,0,0,0,0,0,0,0,0,0,0,0,0,0,0,0,0,0,0,0,0,0,0,0,0,0,0,0,0,0,0,0,0,0,0,0,0,0,24,1168,0,0,0,0,0,0,0,0,0,0,0,0,0,0,0,0,0,0,0,0,0,0,0,0,0,0,0,0,0,0,0,0,0,0,0,0,0,0,0,0,0,0,0,0,0,0,0,0
"175","gre2_000179865","size=3","AP002918","Aulopiformes","Chlorophthalmidae","Chlorophthalmus","Chlorophthalmus agassizi","","n","n",1,0.958333333,"genus","species","Chlorophthalmus","Chlorophthalmus agassizi","['Chlorophthalmus agassizi']",143313,"gcggctatacgggcaggcccaagttgacagaattcggcgtaaagagttgttacgtataccatttactaaagttaaacaccccccatgctgtaatacgcggccggtggtaggagaccccgctacgaaagttgctttaacaaccctcccgaccccaccacagccaggaaa",3,0,0,0,0,0,0,0,0,0,0,0,0,0,0,0,0,0,0,0,0,0,0,0,0,0,0,0,0,0,0,0,0,0,0,0,0,0,0,0,0,0,0,0,0,0,0,0,0,0,0,0,0,0,0,0,0,0,0,0,0,0,0,0,0,0,0,0,0,0,0,0,0,0,0,0,0,0,0,0,3,0,0,0,0,0,0,0,0,0,0,0,0,0,0,0,0,0,0,0,0,0,0,0,0,0,0,0,0,0,0,0,0,0,0,0,0,0,0,0,0,0,0,0,0,0,0,0,0
"176","gre2_000002712","size=316","JQ707030",NA,"Pomacentridae","Chromis",NA,"surprisingly low","n","n",0.981818182,0.981818182,"genus","genus","Chromis","Chromis","['Chromis enchrysura', 'Chromis alta']",80974,"gcggttatacgagaggctcaagttgacagacagcggcgtaaagagtggttaaggaagcttttaaactaaagccgaacgccttcagagctgttatacgtttccgaaggtatgaagccccaccacgaaagtggctttatttcccctgactccacgaaagctgtgaaa",316,178,0,0,0,0,0,0,0,0,0,0,0,0,0,0,0,0,0,0,0,0,0,0,0,0,0,0,0,0,0,0,0,0,0,0,0,0,0,0,0,0,0,0,0,0,0,0,0,1,0,0,0,0,0,0,0,0,0,0,0,0,0,0,0,0,0,0,0,0,0,0,0,0,0,0,0,0,0,0,0,0,0,0,0,0,0,0,0,0,0,0,0,0,0,0,0,0,0,0,0,0,0,0,137,0,0,0,0,0,0,0,0,0,0,0,0,0,0,0,0,0,0,0,0,0,0,0,0
"177","gre2_000151363","size=2","AJ810154","Labriformes","Labridae",NA,NA,"manual blast reassignment","n","n",1,0.945121951,"genus","family","Thalassoma ","Labridae","['Thalassoma lucasanum', 'Thalassoma bifasciatum', 'Thalassoma lunare', 'Thalassoma quinquevittatum', 'Gomphosus varius']",8247,"gcggttagacgagagacccaagtggatggccctcggcgtaaagagtggttaagggaacctgaaactaaggcccaaagactttttagctgttatacgcgcgagaagacatgaagcccaactacgaaagtggccttaaaaccctgaccccacgaaagctagggca",2,0,0,0,0,0,0,0,0,0,0,0,0,0,0,0,0,0,0,0,0,0,0,0,0,0,0,0,0,0,0,0,0,0,0,0,0,0,0,0,0,0,0,0,0,0,0,0,0,0,0,0,0,0,0,0,0,0,0,0,0,0,0,0,0,0,0,0,0,0,0,0,0,0,0,0,0,0,0,0,0,0,0,0,0,0,0,0,0,0,0,0,0,0,0,0,0,0,0,0,2,0,0,0,0,0,0,0,0,0,0,0,0,0,0,0,0,0,0,0,0,0,0,0,0,0,0,0,0
"210","gre2_000111411","size=330","AB373007","Beloniformes","Belonidae","Ablennes","Ablennes hians","non-native; recorded in mediterranean","y","n",0.9938,0.875739645,"species","species","Tylosurus crocodilus","Ablennes hians","['Ablennes hians']",129035,"gcggttagacgagaggcctaagttgatagcttccggcgtaaagagtggttaaggaaactcctaaactaaagccgaatattctcacagctgtcatacgcacccgagaataagaagccccaccacgaaagtggctttaacccacccgaccccacgaaagctgtggaa",330,330,0,0,0,0,0,0,0,0,0,0,0,0,0,0,0,0,0,0,0,0,0,0,0,0,0,0,0,0,0,0,0,0,0,0,0,0,0,0,0,0,0,0,0,0,0,0,0,0,0,0,0,0,0,0,0,0,0,0,0,0,0,0,0,0,0,0,0,0,0,0,0,0,0,0,0,0,0,0,0,0,0,0,0,0,0,0,0,0,0,0,0,0,0,0,0,0,0,0,0,0,0,0,0,0,0,0,0,0,0,0,0,0,0,0,0,0,0,0,0,0,0,0,0,0,0,0,0
"213","gre2_000122884","size=3","AJ310140","Chimaeriformes","Chimaeridae","Chimaera","Chimaera monstrosa","contamination","n","y",0.988826816,0.988826816,"species","species","Chimaera monstrosa","Chimaera monstrosa","['Chimaera monstrosa']",7871,"gcggttatacgagcggcccaaattaataaaacaacggcgtaaagagtgtataagaaaaacattatcctaattaaagcttaaaaaagtgcttaactgttatacgtgcccgcaccaatgaaaaacaattacaaaagaaactttataaaaacaaggcctcttaaaacacgatagctaaaaac",3,0,0,0,0,0,0,0,0,0,0,0,0,0,0,0,0,0,0,0,0,0,0,0,0,0,0,0,0,0,0,0,0,0,0,0,0,0,0,0,0,0,0,0,0,0,0,0,0,0,0,0,0,0,0,0,0,0,0,0,0,0,0,0,0,0,0,0,0,0,0,0,0,0,0,0,0,0,0,3,0,0,0,0,0,0,0,0,0,0,0,0,0,0,0,0,0,0,0,0,0,0,0,0,0,0,0,0,0,0,0,0,0,0,0,0,0,0,0,0,0,0,0,0,0,0,0,0,0
"214","gre2_000141165","size=3","KJ168064",NA,"Moronidae","Dicentrarchus","Dicentrarchus labrax","","n","n",0.994047619,0.994047619,"species","species","Dicentrarchus labrax","Dicentrarchus labrax","['Dicentrarchus labrax']",13489,"gcggttaaacgggaagctcaagttgatagacaccggcgtaaagcgtggttaagggcccaacttttacactaaagccgaacgctatcagagcagtgatacgcaccgaaagtaagaagatcaattacgaaagtagctttatttaaacctgaccccacgaaagctaaggca",1,0,0,0,0,0,0,0,0,0,0,0,0,0,0,0,0,0,0,0,0,0,0,0,0,0,0,0,0,0,0,0,0,0,0,0,0,0,0,0,0,0,0,0,0,0,0,0,0,0,0,0,0,0,0,0,0,0,0,0,0,0,0,0,0,0,0,0,0,0,0,0,0,0,0,0,0,0,0,0,0,0,0,0,0,0,0,0,0,0,0,0,0,0,0,0,0,0,0,0,0,0,0,0,0,0,0,0,0,0,0,0,0,0,0,0,0,0,0,0,0,0,0,0,0,0,0,0,1
"215","gre2_000111300","size=276","MH205729","Perciformes","Gasterosteidae","Gasterosteus","Gasterosteus aculeatus","strange; normally more estuarine","n","n",1,1,"species","species","Gasterosteus aculeatus","Gasterosteus aculeatus","['Gasterosteus aculeatus']",69293,"gcggttatacgagaggcccaagttgatgaattacggcgtaaagagtggttaagctaaaattaaaactaaagccgaacacccccaaagctgttatacgcatccggaggtgagaagttcaaccacgaaggtggctttatctaacctgaacccacgaaagctacggca",13,0,0,0,0,0,0,0,0,13,0,0,0,0,0,0,0,0,0,0,0,0,0,0,0,0,0,0,0,0,0,0,0,0,0,0,0,0,0,0,0,0,0,0,0,0,0,0,0,0,0,0,0,0,0,0,0,0,0,0,0,0,0,0,0,0,0,0,0,0,0,0,0,0,0,0,0,0,0,0,0,0,0,0,0,0,0,0,0,0,0,0,0,0,0,0,0,0,0,0,0,0,0,0,0,0,0,0,0,0,0,0,0,0,0,0,0,0,0,0,0,0,0,0,0,0,0,0,0
"216","gre2_000110682","size=4","AB734123","Perciformes","Sebastidae","Helicolenus","Helicolenus avius","possible seafood contamination ","y","y",1,1,"species","species","Helicolenus avius","Helicolenus avius","['Helicolenus avius']",394686,"gcggctatacgagagacccgagttgataccattcggcgtaaagagtggttatggaaaataaaaactaaagccgcacaccttcaaagctgttatacgcatccgaaggcaagaagaccaaccacgaaggtagctttacaacccctgaccccacgaaagctctggca",4,0,0,0,0,0,0,0,0,0,0,0,0,0,0,0,0,0,0,0,0,0,0,0,0,0,0,0,0,0,0,0,0,0,0,0,0,0,0,0,0,0,0,0,0,0,0,0,0,0,0,0,0,0,0,0,0,0,0,0,0,0,0,0,0,0,0,0,0,0,0,0,0,0,0,0,0,0,0,0,4,0,0,0,0,0,0,0,0,0,0,0,0,0,0,0,0,0,0,0,0,0,0,0,0,0,0,0,0,0,0,0,0,0,0,0,0,0,0,0,0,0,0,0,0,0,0,0,0
"217","gre2_000110363","size=929","LC493918","Perciformes","Zoarcidae","Lycodes","Lycodes esmarkii","contamination","n","y",0.993902439,0.993902439,"species","species","Lycodes esmarkii","Lycodes esmarkii","['Lycodes esmarkii']",215432,"gcggttatacgagaggcccaagttgaaagaccccggcgtaaagagtggttaagctagaatttatactaaagccgaacatcctcacggctgttatacgcacccgaagataagaagctcaaccacgaaggtagctttatatgtctgaacccacgaaagctacggca",929,1,0,0,0,0,0,0,0,0,0,0,0,0,0,0,0,0,0,0,0,0,0,0,0,0,0,0,0,0,0,0,0,0,0,0,0,0,0,0,0,0,0,0,0,0,0,0,0,0,0,0,0,0,0,0,0,0,0,0,0,0,0,0,0,0,0,0,0,0,0,0,0,0,0,0,0,0,0,0,927,0,0,0,0,0,0,0,0,0,0,0,0,0,0,0,0,0,0,0,1,0,0,0,0,0,0,0,0,0,0,0,0,0,0,0,0,0,0,0,0,0,0,0,0,0,0,0,0
"219","gre2_000123570","size=21","FJ594964","Perciformes","Serranidae","Epinephelus",NA,"manual blast reassignment","n","n",1,0.939759036,"species","genus","Epinephelus marginatus","Epinephelus","['Epinephelus fuscoguttatus x Epinephelus lanceolatus', 'Epinephelus corallicola', 'Epinephelus tukula', 'Epinephelus latifasciatus', 'Epinephelus bruneus', 'Epinephelus malabaricus', 'Epinephelus fuscoguttatus', 'Epinephelus tauvina']",94231,"gcggttatacgagaggcccaagttgacaagcttcggcgtaaagcgtggttaaggaataataaacactaaagccgaacacttactaggctgttatacgctcccgaaaataagaagaccatctacgaaggtggctttatttcacctgaacccacgaaagctaaggaa",21,0,0,0,0,0,0,0,0,0,0,0,0,0,0,0,0,0,0,0,0,0,0,0,0,0,0,0,0,0,0,0,0,0,0,0,0,0,0,0,0,0,0,0,0,0,0,0,0,0,0,0,0,0,0,0,0,0,0,0,0,0,0,0,0,0,0,0,0,0,0,0,0,0,0,0,0,0,0,0,0,0,0,0,0,0,0,0,0,0,0,0,0,0,0,0,0,0,0,0,21,0,0,0,0,0,0,0,0,0,0,0,0,0,0,0,0,0,0,0,0,0,0,0,0,0,0,0,0
"220","gre2_000060375","size=3","AF447989","Lamniformes","Alopiidae",NA,NA,"reassigned as basking shark; hard to believe this isn't just contamination","n","y",1,1,"species","family","Cetorhinus maximus","Alopiidae","[]",7850,"gcggttatacgagtaactcatattaatacttcccggcgtaaagagtgatttaaggaatatctacaataattaaagttaagacctcatcaagctgttatacgcacccataaacggaaatatcaacaacgaaagtgactttataccactagaaatcttgatgtcacgacagttagacccc",3,0,0,0,0,0,0,0,0,0,0,0,0,0,0,0,0,0,0,0,0,0,0,0,0,0,0,0,0,0,0,0,0,0,0,0,0,0,0,0,0,0,0,0,0,0,0,0,0,0,0,3,0,0,0,0,0,0,0,0,0,0,0,0,0,0,0,0,0,0,0,0,0,0,0,0,0,0,0,0,0,0,0,0,0,0,0,0,0,0,0,0,0,0,0,0,0,0,0,0,0,0,0,0,0,0,0,0,0,0,0,0,0,0,0,0,0,0,0,0,0,0,0,0,0,0,0,0,0
"221","gre2_000114717","size=147","AP018928","Kurtiformes","Apogonidae",NA,NA,"manual blast reassignment","n","n",1,0.891566265,"species","subfamily","Apogon imberbis","Apogoninae","['Cheilodipterus quinquelineatus', 'Pristicon trimaculatus']",475176,"gcggttatacgagagactcaagctgacaatcaccggcgtaaagagtggttaattttaccaaaaaataaagccgaacgcctccaaagttgtattacgcattcggaggtatgaagcccaattacgaaagtggctttacactctttgaacccacgagagctagggaa",147,0,0,0,0,0,0,0,0,0,0,0,0,0,0,0,0,0,0,0,0,0,0,0,0,0,0,0,0,0,0,0,0,0,0,0,0,0,0,0,0,0,0,0,0,0,0,0,0,0,0,0,0,0,0,0,0,0,0,0,0,0,0,0,0,0,0,0,0,0,0,0,0,0,0,0,0,0,0,0,0,0,0,0,0,0,0,0,0,0,0,0,0,0,0,0,0,0,0,0,147,0,0,0,0,0,0,0,0,0,0,0,0,0,0,0,0,0,0,0,0,0,0,0,0,0,0,0,0
"222","gre2_000185341","size=3","AP009134","Clupeiformes","Clupeidae",NA,NA,"manual blast reassignment","n","n",0.994,0.988095238,"species","subfamily","Sprattus sprattus","Clupeinae","['Sprattus sprattus', 'Clupea pallasii', 'Clupea harengus']",7948,"gcggttatacgagagaccctagttgatatactcggcgtaaagagtggttatggaaaacaagcactaaagccaaagagccctcaggccgttatacgcacccggggcctcgagccactatcacgaaagtagcttgaccctcgcccaccagaacccacgagagctgggaca",3,0,0,0,0,0,0,0,0,0,0,0,0,0,0,0,0,0,0,0,0,0,0,0,0,0,0,0,0,0,0,0,0,0,0,0,0,0,0,0,0,0,0,0,0,0,0,0,0,0,0,0,0,0,0,0,0,0,0,0,0,0,0,0,0,0,0,0,0,0,0,0,0,0,0,0,0,0,0,0,0,0,0,0,0,0,0,0,0,0,0,0,0,0,0,0,0,0,0,0,0,0,0,0,0,0,0,0,0,0,0,0,0,0,2,0,0,0,0,0,0,0,0,0,0,0,0,0,1
"223","gre2_000110665","size=149","AP005992",NA,NA,NA,NA,"manual blast reassignment","n","n",0.9939,0.840236686,"species","clade","Scartella cristata","Percomorphaceae","[]",1489872,"gcggttatacgagaggtccaagctgacagcccctcggcgtaaggcgtggttagaattaagatacactaaagccgaatgctctctaagctgttatacgctttcgagagttagaagccccactacgaaggtagctttatataattgaacccacgaaagctaagaca",149,0,0,0,0,0,0,0,0,0,0,0,0,0,0,0,0,0,0,0,0,0,0,0,0,0,0,0,0,0,0,0,0,0,0,0,0,0,0,0,0,0,0,0,0,0,0,0,0,0,0,0,0,0,0,0,0,0,0,0,0,0,0,0,0,0,0,0,0,0,0,0,0,0,0,0,0,0,0,0,0,0,0,0,0,0,0,0,0,0,0,0,0,0,0,0,0,0,0,0,0,0,0,0,0,0,149,0,0,0,0,0,0,0,0,0,0,0,0,0,0,0,0,0,0,0,0,0,0
"224","gre2_000110418","size=1327","MH593823","Spariformes","Sparidae",NA,NA,"manual blast reassignment","n","n",0.9926,0.928571429,"species","family","Sarpa salpa","Sparidae","['Pagrus caeruleostictus', 'Pagellus erythrinus', 'Pagrus pagrus', 'Dentex angolensis', 'Pagrus major', 'Pagrus auriga', 'Parargyrops edita', 'Dentex gibbosus', 'Evynnis tumifrons']",8169,"gcggttatacgggaggcccaagttgtcaaaagtcggcgtaaagggtggtttagattaagcttaaaattaaagccgaacgccttccgggctgtcatacgcatccgaaggtaagaagttcaactacgaaagtagctttatattttctgaccccacgaaagctaagata",1327,1,0,0,0,0,0,0,0,0,0,0,0,0,0,0,0,0,0,0,0,0,0,0,0,0,0,0,0,0,0,0,0,0,0,0,0,0,0,0,0,0,0,0,0,0,0,0,0,0,0,0,0,0,0,0,0,333,0,0,0,0,0,0,0,0,0,0,0,0,0,0,0,0,0,0,0,0,0,0,0,0,0,0,0,0,0,0,0,0,0,0,0,0,0,0,0,0,0,0,314,0,0,0,0,0,679,0,0,0,0,0,0,0,0,0,0,0,0,0,0,0,0,0,0,0,0,0,0
"225","gre2_000013666","size=133","MG677546",NA,"Siganidae","Siganus",NA,"manual blast reassignment","y","n",1,0.982035928,"species","genus","Siganus rivulatus","Siganus","['Siganus sutor']",75041,"ggttatacgagagacccaagttgatagacagcggcgtaaagagtggttaagaactaaaccaaaactaaagccgaacgctctcaaagctgttatacgcactcgagagtatgaagttcaactacgaaagtggctttaccccttctgaacccacgaaagctaggaca",133,0,0,0,0,0,0,0,0,0,0,0,73,0,0,0,0,0,0,0,0,0,0,0,47,0,0,0,0,0,0,0,0,0,0,0,0,0,0,0,0,0,0,0,0,0,0,0,0,0,0,0,0,0,0,0,0,9,0,0,0,0,0,0,0,0,0,0,0,0,0,0,0,0,0,0,0,0,0,0,0,0,0,0,0,0,0,0,0,0,0,0,0,0,0,0,0,0,0,0,2,0,0,0,0,0,1,0,0,0,1,0,0,0,0,0,0,0,0,0,0,0,0,0,0,0,0,0,0
"226","gre2_000131351","size=3","AJ810152","Labriformes","Labridae","Symphodus",NA,"manual blast reassignment","n","n",1,0.939759036,"species","genus","Symphodus bailloni","Symphodus","['Symphodus tinca', 'Symphodus ocellatus', 'Symphodus cinereus', 'Symphodus mediterraneus', 'Symphodus roissali']",130471,"gcggttatacgtgaggcccaagttgataaacatcggcgtaaagggtggttaggagaaaaaacgaaactaaagccaaacgccttcagagctgttatacgcccacgaagagcagagacacaaccacgaaagtggctttatttgatctgaccccacgaaagctagggca",1,0,0,0,0,0,0,0,0,0,0,0,0,0,0,0,0,0,0,0,0,0,0,0,0,0,0,0,0,0,0,0,0,0,0,0,0,0,0,0,0,0,0,0,0,0,0,0,0,0,0,0,0,0,0,0,0,0,0,0,0,0,0,0,0,0,0,0,0,0,0,0,0,0,0,0,0,0,0,0,0,0,0,0,0,0,0,0,0,0,0,0,0,0,0,0,0,0,0,0,0,0,0,0,0,0,0,0,0,0,0,0,0,0,0,0,0,0,0,0,0,0,0,0,0,0,0,0,1
"227","gre2_000110369","size=1423","AF038484","Cypriniformes","Leuciscidae","Rutilus","Rutilus rutilus","freshwater (?)","y","y",0.994152047,0.994152047,"species","species","Rutilus rutilus","Rutilus rutilus","['Rutilus rutilus']",48668,"gcggttagacgagaggccctagttaataatacacggcgtaaagggtggttaagggaagcacaataataaagccaaatggccctttggctgtcatacgcttctaggtgtccgaagcccaatatacgaaagtagctttaataaagcccacctgaccccacgaaagctgagaaa",1,0,0,0,0,0,0,0,0,0,0,0,0,0,0,0,0,0,0,0,0,0,0,0,0,0,0,0,0,0,0,0,0,0,0,0,0,0,0,0,0,0,0,0,0,0,0,0,0,0,0,0,0,0,0,0,0,0,0,0,0,0,0,0,0,0,0,0,0,0,0,0,0,0,1,0,0,0,0,0,0,0,0,0,0,0,0,0,0,0,0,0,0,0,0,0,0,0,0,0,0,0,0,0,0,0,0,0,0,0,0,0,0,0,0,0,0,0,0,0,0,0,0,0,0,0,0,0,0
"228","gre2_000019502","size=3","MK070522","Clupeiformes","Clupeidae","Sardina","Sardina pilchardus","","n","n",0.99408284,0.99408284,"species","species","Sardina pilchardus","Sardina pilchardus","['Sardina pilchardus']",27697,"gcggttatacgagaggccctagttgatttaatcggcgtaaagagtggttatggagagttaaaaaatagagctgaagacctctcgggccgcaatacgcatccagaagttcgaatcacaaacacgaaagtagctttaccttcttccaccagaatccacgacagctgggaca",3,0,0,0,0,0,0,0,0,0,0,0,0,0,0,0,0,0,0,0,0,0,0,0,0,0,0,0,0,0,0,0,0,0,0,0,0,0,0,0,0,0,0,0,0,0,0,0,0,0,0,0,1,0,0,0,0,0,0,0,0,0,0,0,0,0,0,0,0,0,0,0,0,0,0,0,0,0,0,0,2,0,0,0,0,0,0,0,0,0,0,0,0,0,0,0,0,0,0,0,0,0,0,0,0,0,0,0,0,0,0,0,0,0,0,0,0,0,0,0,0,0,0,0,0,0,0,0,0
"231","gre2_000110705","size=529","AJ810147","Labriformes","Labridae","Symphodus","Symphodus cinereus","","n","n",0.993939394,0.993939394,"species","species","Symphodus cinereus","Symphodus cinereus","['Symphodus cinereus']",191724,"gcggttatacgagaggcccaagttgataaataccggcgtaaagagtggttagagaaagaactaaactaaagccaaacgccttcagagctgttatacgcttacgaagagcagagacacaaccacgaaagtggctttattaaacctgaccccacgaaagctagggca",529,0,0,0,0,0,0,0,0,0,0,0,0,0,0,0,0,0,0,0,0,0,0,0,0,0,0,0,0,0,0,0,0,0,0,0,0,0,0,0,0,0,0,0,0,0,0,0,0,0,0,0,0,0,0,0,0,0,0,0,0,0,0,0,0,0,0,0,0,0,0,0,0,0,0,0,0,0,0,0,0,0,0,0,0,0,0,0,0,0,0,0,0,0,0,0,0,0,0,0,0,0,0,0,0,0,529,0,0,0,0,0,0,0,0,0,0,0,0,0,0,0,0,0,0,0,0,0,0
"232","gre2_000118800","size=82","KX354995","Labriformes","Labridae","Thalassoma","Thalassoma quinquevittatum","could be non-native","y","y",0.993865031,0.993865031,"species","species","Thalassoma quinquevittatum","Thalassoma quinquevittatum","['Thalassoma quinquevittatum']",219412,"gcggttagacgagagacccaagtggatggccctcggcgtaaagagtggttaagataattgtaaactaaggccaaacgactttttagctgttatacgcgcgagaagacatgaagcccaactacgaaagtggccttaaacccctgagcccacgaaagctaggaca",82,0,0,0,0,0,0,0,0,0,0,0,0,0,0,0,0,0,0,0,0,0,0,0,0,0,0,0,0,0,0,0,0,0,0,0,0,0,0,0,0,0,0,0,0,0,0,0,0,0,0,0,0,0,0,0,0,0,0,0,0,0,0,0,0,0,0,0,0,0,0,0,0,0,0,0,0,0,0,0,0,0,0,0,0,0,0,0,0,0,0,0,0,0,0,0,0,0,0,0,0,0,0,0,0,0,0,0,0,0,0,0,0,0,0,0,0,0,0,0,0,0,0,82,0,0,0,0,0
