id,superkingdom,phylum,class,order,family,genus,species,cluster_size,best_match.db_tele02_fish_nohuman_clean_uniq,order_name,family_name,genus_name,species_name,scientific_name,species_list.db_tele02_fish_nohuman_clean_uniq,taxid,notes,nonnative,land,best_identity_final,assignment_method,rank_final,scientific_name_final,DM_A_Stefano,DM_B_Stefano,DM_C_Stefano,DE_A_Stefano,DE_B_Stefano,DE_C_Stefano,KM_A_Stefano,KM_B_Stefano,KM_C_Stefano,KE_A_Stefano,KE_B_Stefano,KE_C_Stefano,DM_A_Charis,DM_B_Charis,DM_C_Charis,DE_A_Charis,DE_B_Charis,DE_C_Charis,KM_A_Charis,KM_B_Charis,KM_C_Charis,KE_A_Charis,KE_B_Charis,KE_C_Charis,total_UVC,sample.DBE_A_1eDNA,sample.DBE_A_BROWN1,sample.DBE_B_1eDNA,sample.DBE_C_BLACK2,sample.DBE_C_BROWN3,sample.DBM_B_BLACK2et,sample.DBM_B_BROWN2et,sample.DBM_C_2eDNA,sample.DBM_C_3eDNA,sample.KE_A_PURPLE1,sample.KE_B_2eDNA,sample.KE_B_PURPLE1,sample.KE_B_PURPLE2,sample.KE_C_2eDNA,sample.KM_A_2eDNA,sample.KM_A_3eDNA,sample.KM_A_BROWN3,sample.KM_A_PURPLE1,sample.KM_A_PURPLE3,sample.KM_B_2eDNA,sample.KM_B_PURPLE3,sample.KM_B_unkown4,sample.KM_C_1eDNA,sample.KM_C_3eDNA,sample.KM_C_PURPLE3,total_reads,sequence,contam
gre2_000114717,Eukaryota,Chordata,Actinopteri,Kurtiformes,Apogonidae,Apogon,Apogon imberbis,size=147,AP018928,Kurtiformes,Apogonidae,NA,NA,Apogoninae,"['Cheilodipterus quinquelineatus', 'Pristicon trimaculatus']",475176,NA,n,n,100,blca,species,Apogon imberbis,0,0,1,0,0,1,6,0,0,0,0,0,0,1,0,0,1,2,1,0,0,5,0,0,18,0,0,0,0,0,0,0,0,0,0,0,0,0,0,0,147,0,0,0,0,0,0,0,0,0,147,gcggttatacgagagactcaagctgacaatcaccggcgtaaagagtggttaattttaccaaaaaataaagccgaacgcctccaaagttgtattacgcattcggaggtatgaagcccaattacgaaagtggctttacactctttgaacccacgagagctagggaa,n
gre2_000110514,Eukaryota,Chordata,Actinopteri,NA,Sciaenidae,Argyrosomus,Argyrosomus japonicus,size=1253,JQ728563,NA,Sciaenidae,NA,NA,Sciaenidae,[],30870,manual blast reassignment,n,n,100,manual,species,Argyrosomus regius,0,0,0,0,0,0,0,0,0,0,0,0,0,0,0,0,0,0,0,0,0,0,0,0,0,1331,0,0,0,0,0,0,0,0,0,0,0,0,0,0,0,0,0,0,1,0,0,0,2,0,1334,gcggttatacgagaggcccaagtcgatagtcaacggcgtaaagagtggttagaaggagcccattactaaagccgaacaccctcaaagctgttatacgcacccgaaggtgagaagcccatccacgaaagtggctttacaaccttgaatccacgaaagctatgata,n
gre2_000116195,Eukaryota,Chordata,Actinopteri,Atheriniformes,Atherinidae,Atherina,Atherina boyeri,size=130,GQ352660,Atheriniformes,Atherinidae,Atherina,NA,Atherina,"['Atherina boyeri', 'Atherina hepsetus']",87784,NA,n,n,100,blca,species,Atherina boyeri,0,0,0,0,0,0,0,0,0,0,0,0,0,0,0,0,0,0,0,0,0,0,0,0,0,0,0,0,0,0,0,0,0,0,0,0,0,0,0,0,30,0,0,0,68,0,0,30,54,0,182,ggttatacgagaggcccaagttgatattccccggcgtaaagagtggttaagggaacctgaaactaaagccgaacactctcagagctgttatatgcacccgagaacaagaagccctcttacgaaagtagctttaattctcctgactccacgtaagctgaggaa,n
gre2_000110398,Eukaryota,Chordata,Actinopteri,Atheriniformes,Atherinidae,Atherina,Atherina hepsetus,size=12159,GQ352660,Atheriniformes,Atherinidae,Atherina,Atherina hepsetus,Atherina hepsetus,['Atherina hepsetus'],238709,NA,n,n,100,blca,species,Atherina hepsetus,0,0,0,0,0,0,0,0,0,0,0,0,0,0,0,0,0,0,0,0,0,0,0,0,0,3,0,0,0,0,0,0,1,0,0,0,0,0,0,0,92,0,0,0,464,0,0,7454,5359,0,13373,gcggttatacgagaggcccaagttgatacccgccggcgtaaagagtggttaagagaacctaagactaaagccgaacactctcaaagctgttatatgcacccgagagcaagaagccctctcacgaaagtagctttaacctttctgactccacgtaagctgaggaa,n
gre2_000110337,Eukaryota,Chordata,Actinopteri,Atheriniformes,Atherinidae,Atherina,Atherina hepsetus,size=19392,GQ352660,Atheriniformes,Atherinidae,Atherina,NA,Atherina,"['Atherina boyeri', 'Atherina hepsetus']",87784,NA,n,n,100,blca,genus,Atherina sp.,0,0,0,0,0,0,50,50,50,50,50,50,0,0,25,0,0,0,50,50,50,50,50,50,625,3,0,3,0,0,0,0,0,0,0,0,0,0,0,1,2624,0,0,0,7018,0,0,4080,6247,0,19976,gcggttatacgagaggcccaagttgatattccccggcgtaaagagtggttaagggaacctgaaactaaagccgaacactctcagagctgttatatgcacccgagaacaagaagccctcttacgaaagtagctttaattctcctgactccacgtaagctgaggaa,n
gre2_000111343,Eukaryota,Chordata,Actinopteri,Atheriniformes,Atherinidae,Atherinomorus,Atherinomorus forskalii,size=930,AP005980,Atheriniformes,Atherinidae,Atherinomorus,Atherinomorus lacunosus,Atherinomorus lacunosus,['Atherinomorus lacunosus'],215336,non-native; recorded in mediterranean,y,n,100,manual,species,Atherinomorus forskalii,0,0,0,0,0,0,0,0,0,0,0,0,0,0,0,0,0,0,0,0,0,0,0,0,0,0,0,0,0,0,0,0,0,664,0,1,0,0,0,0,283,0,0,0,0,0,0,0,0,0,948,gcggttatacgagaggtccaagttgatagccatcggcgtaaagagtggttaagagaaaaccaaaactaaagctgaacactctcaaaactgttatacgttcccgagagccagaagcccttctacgaaagtggctttaacccttctgaacccacgaaagctagggaa,n
gre2_000110591,,,,,,,,size=6739,MN122938,Syngnathiformes,Callionymidae,Callionymus,Callionymus lyra,Callionymus lyra,['Callionymus lyra'],34785,,n,n,100,ecotag,genus,Callionymus sp.,0,0,0,0,0,0,0,0,0,0,0,0,0,0,0,0,0,0,0,0,0,0,0,0,0,6746,0,0,0,0,0,0,0,0,0,0,0,0,0,0,0,0,0,0,0,0,0,0,0,0,6746,gcggttatacgaaagacccaaattaatagaaacggcataaagggtggttagacaactaaaagaataaggtagaatttttcccaagctgtttaacgccacggaagaaagaaaaacatagacgaaagtgaccttaaattgttgaacccacgaaagctaagaaa,n
,,,,,,,,,,,,,,,,,,n,n,,UVC,species,Caranx crysos,0,0,0,1,0,0,0,0,0,0,0,0,0,0,0,1,1,0,0,0,0,0,0,0,3,0,0,0,0,0,0,0,0,0,0,0,0,0,0,0,0,0,0,0,0,0,0,0,0,0,0,UVC,n
gre2_000111236,Eukaryota,Chordata,Actinopteri,Mugiliformes,Mugilidae,Chelon,Chelon labrosus,size=138,JF911706,Mugiliformes,Mugilidae,Chelon,NA,Chelon,[],48170,NA,n,n,100,blca,genus,Chelon sp.,0,0,0,0,0,0,0,0,0,0,0,0,0,0,0,0,0,0,0,0,0,0,0,0,0,0,0,0,0,0,0,0,0,0,0,0,0,0,0,0,152,0,0,0,0,0,0,0,0,0,152,gcggttatacgagaggcccaagctgacagcccccggcgtaaagagtggttaagttaaccctaatgtgactaaagtcgaacgcccccaagaccgttatacgtgctcggaggtatgaagcccaactacgaaagtggctttaaaatacctgaccccacgaaagctgtgaaa,n
gre2_000110879,Eukaryota,Chordata,Actinopteri,Aulopiformes,Chlorophthalmidae,Chlorophthalmus,Chlorophthalmus agassizi,size=1332,AP002918,Aulopiformes,Chlorophthalmidae,Chlorophthalmus,Chlorophthalmus agassizi,Chlorophthalmus agassizi,['Chlorophthalmus agassizi'],143313,,n,n,100,blca,species,Chlorophthalmus agassizi,0,0,0,0,0,0,0,0,0,0,0,0,0,0,0,0,0,0,0,0,0,0,0,0,0,0,0,0,0,0,0,0,0,0,0,1870,0,0,0,0,0,0,0,0,0,0,0,2,0,0,1872,gcggttatacgggcaggcccaagttgacagaattcggcgtaaagagtggttacggatacaatttactaaagttaaacaccccccttgctgtaatacgcggccgggggtaggagaccccgctacgaaagttgctttaataaccctcccgaccccaccacagccaggaaa,n
gre2_000002712,Eukaryota,Chordata,Actinopteri,NA,Pomacentridae,Chromis,Chromis alta,size=316,JQ707030,NA,Pomacentridae,Chromis,NA,Chromis,"['Chromis enchrysura', 'Chromis alta']",80974,surprisingly low,n,n,99.80909091,blca,genus,Chromis sp.,0,0,0,0,0,0,0,0,0,0,0,0,0,0,0,0,0,0,0,0,0,0,0,0,0,184,0,0,0,0,0,0,0,0,0,0,0,0,0,0,0,0,0,137,0,0,0,0,0,0,321,gcggttatacgagaggctcaagttgacagacagcggcgtaaagagtggttaaggaagcttttaaactaaagccgaacgccttcagagctgttatacgtttccgaaggtatgaagccccaccacgaaagtggctttatttcccctgactccacgaaagctgtgaaa,n
,,,,,,,,,,,,,,,,,,n,n,,UVC,species,Chromis chromis,50,50,50,50,50,50,50,50,3,6,0,0,50,50,20,10,3,50,0,0,0,0,0,6,598,0,0,0,0,0,0,0,0,0,0,0,0,0,0,0,0,0,0,0,0,0,0,0,0,0,0,UVC,n
,,,,,,,,,,,,,,,,,,n,n,,UVC,species,Coris julis,0,0,0,0,2,0,0,3,1,0,2,0,0,0,1,0,0,1,1,0,1,0,1,1,14,0,0,0,0,0,0,0,0,0,0,0,0,0,0,0,0,0,0,0,0,0,0,0,0,0,0,UVC,n
,,,,,,,,,,,,,,,,,,n,n,,UVC,species,Diplodus annularis,0,0,0,1,0,0,0,0,0,0,0,0,2,0,0,3,4,3,5,0,0,0,0,0,18,0,0,0,0,0,0,0,0,0,0,0,0,0,0,0,0,0,0,0,0,0,0,0,0,0,0,UVC,n
gre2_000120754,Eukaryota,Chordata,Actinopteri,Spariformes,Sparidae,Diplodus,Diplodus sargus,size=61,AB305023,Spariformes,Sparidae,NA,NA,Sparidae,"['Pagellus acarne', 'Rhabdosargus sarba', 'Pagellus bogaraveo']",8169,manual blast reassignment,n,n,100,manual,species,Diplodus sargus,1,4,4,3,9,3,7,4,1,6,3,4,6,4,2,0,6,3,3,0,4,2,2,2,83,17,0,0,0,0,17,0,35,0,0,0,0,0,0,0,40,4,0,0,26,0,0,0,0,0,139,gcggttatacgggaggcccaagttgtcagaagtcggcgtaaagggtggttaagaataagcctaaaattaaagccgaacatcttccgggctgttatacgcatccgaagataagaagcccaactacgaaagtagctttatgtcttctgaacccacgaaagctaagacc,n
gre2_000000001,Eukaryota,Chordata,Actinopteri,Spariformes,Sparidae,Diplodus,Diplodus sargus,size=10095,AB305023,Spariformes,Sparidae,Pagellus,Pagellus bogaraveo,Pagellus bogaraveo,['Pagellus bogaraveo'],98819,NA,n,n,100,blca,genus,Diplodus sp.,0,0,0,0,0,0,0,0,0,0,0,0,0,0,0,0,0,0,0,0,0,0,0,0,0,1731,0,2344,0,0,3401,0,2153,4,0,0,0,0,0,0,1598,644,0,0,1242,204,0,0,0,0,13321,gcggttatacgggaggcccaagttgtcagaagtcggcgtaaagggtggttaagaataagcctaaaattaaagccgaacatcttccgggctgttatacgcatccgaagataagaagcccaactacgaaagtagctttatgtcttctgaacccacgaaagctaagata,n
,,,,,,,,,,,,,,,,,,n,n,,UVC,species,Diplodus vulgaris,0,0,0,0,2,0,0,0,0,0,0,0,0,0,0,0,0,0,0,2,0,0,0,0,4,0,0,0,0,0,0,0,0,0,0,0,0,0,0,0,0,0,0,0,0,0,0,0,0,0,0,UVC,n
gre2_000111514,Eukaryota,Chordata,Actinopteri,Anguilliformes,Muraenidae,Enchelycore,Enchelycore anatina,size=26,EU921687,Anguilliformes,Muraenidae,Enchelycore,Enchelycore anatina,Enchelycore anatina,['Enchelycore anatina'],426092,NA,n,n,100,blca,species,Enchelycore anatina,0,0,0,0,0,0,0,0,0,0,0,0,0,0,0,0,0,0,0,0,0,0,0,0,0,0,0,0,0,0,0,0,0,0,0,0,0,0,0,0,29,0,0,0,0,0,0,0,0,0,29,gcggttatacgaggggcccaaattgacgcatcacggcgtaaagtgtgattagaggcactcttaaactagaaccaaataccccttatgcagtcatacgccatgggggtcaagaagcccaacaacgaaagtggttctataaatcttgaactcacgacagctaggata,n
,,,,,,,,,,,,,,,,,,n,n,,UVC,species,Epinephelus costae,0,0,0,0,0,0,0,1,0,0,1,0,0,0,0,1,1,0,0,2,0,1,0,0,7,0,0,0,0,0,0,0,0,0,0,0,0,0,0,0,0,0,0,0,0,0,0,0,0,0,0,UVC,n
gre2_000123570,Eukaryota,Chordata,Actinopteri,Perciformes,Serranidae,Epinephelus,Epinephelus bruneus,size=21,FJ594964,Perciformes,Serranidae,Epinephelus,NA,Epinephelus,"['Epinephelus fuscoguttatus x Epinephelus lanceolatus', 'Epinephelus corallicola', 'Epinephelus tukula', 'Epinephelus latifasciatus', 'Epinephelus bruneus', 'Epinephelus malabaricus', 'Epinephelus fuscoguttatus', 'Epinephelus tauvina']",94231,manual blast reassignment,n,n,100,manual,species,Epinephelus marginatus,0,0,0,0,1,0,1,1,0,0,1,0,1,0,0,0,2,0,2,5,0,3,0,0,17,0,0,0,0,0,0,0,0,0,0,0,0,0,0,0,21,0,0,0,0,0,0,0,0,0,21,gcggttatacgagaggcccaagttgacaagcttcggcgtaaagcgtggttaaggaataataaacactaaagccgaacacttactaggctgttatacgctcccgaaaataagaagaccatctacgaaggtggctttatttcacctgaacccacgaaagctaaggaa,n
gre2_000110454,Eukaryota,Chordata,Actinopteri,Syngnathiformes,Fistulariidae,Fistularia,Fistularia commersonii,size=1256,AP005987,Syngnathiformes,Fistulariidae,Fistularia,Fistularia commersonii,Fistularia commersonii,['Fistularia commersonii'],215343,non-native species,y,n,100,blca,species,Fistularia commersonii,0,0,0,0,0,0,0,0,0,0,0,0,0,0,0,0,0,0,0,0,0,0,0,0,0,1,0,0,0,0,0,0,0,0,0,0,0,0,0,0,0,0,0,0,1,0,0,0,1304,0,1306,gcggttatacgagaggcccaagttgatagcctacggcgtaaagagtggttaagatgtctaatttattaaagccgaatgcccccaaagctgttatacgcttccggaggtaagaagaaccaccacgaaagtggctttatgtgatctgaacccacgaaagctaggaaa,n
gre2_000000062,Eukaryota,Chordata,Actinopteri,Gobiiformes,Gobiidae,Gobius,Gobius incognitus,size=6168,EF218627,Gobiiformes,Gobiidae,Gobius,Gobius bucchichi,Gobius bucchichi,['Gobius bucchichi'],85416,NA,n,n,100,ecotag,species,Gobius bucchichi,0,0,0,0,0,0,0,0,0,0,0,0,0,0,0,0,0,0,0,0,0,0,0,0,0,0,0,0,0,0,0,0,1,0,0,0,6182,0,0,0,0,0,0,0,0,0,0,0,0,0,6183,gcggttatacgagggacccaagttgacagaaaacggcgtaaagagtggttaatgagagacatgataaagccaaataccatcaaggctgttatacgcatccgatagcaagaggaacccacacgaaagtagctttagtaagcatgaccccacgaaagctagggaa,n
gre2_000000435,Eukaryota,Chordata,Actinopteri,Gobiiformes,Gobiidae,Gobius,Gobius paganellus,size=5646,EF218636,Gobiiformes,Gobiidae,Gobius,Gobius paganellus,Gobius paganellus,['Gobius paganellus'],85418,NA,n,n,100,blca,species,Gobius paganellus,0,0,0,0,0,0,0,0,0,0,0,0,0,0,0,0,0,0,0,0,0,0,0,0,0,3,0,0,0,0,0,0,0,1401,0,1,0,0,0,0,0,0,0,0,0,0,0,0,0,4272,5677,gcggttatacgagaggcccaagttgacgaaaatcggcgtaaagcgtggttaatgagaccataactaaagccgaacgccctcaaggctgttatacgcccccgaagacaggaagtcccgtcacgaaagtagctttaaccatcatgaacccacgagagctagggaa,n
gre2_000059783,Eukaryota,Chordata,Actinopteri,Gobiiformes,Gobiidae,Gobius,Gobius incognitus,size=2,EF218627,Gobiiformes,Gobiidae,Gobius,Gobius bucchichi,Gobius bucchichi,['Gobius bucchichi'],85416,NA,n,n,100,blca,genus,Gobius sp.,0,1,1,0,0,2,0,0,0,1,0,0,0,0,1,0,0,0,0,0,0,0,0,0,6,0,0,0,0,0,0,0,0,0,0,0,4,0,0,0,0,0,0,0,0,0,0,0,0,0,4,gcggttatacgagggacccaagttgacagaaaacggcgtaaagagtggctaatgagagacatgataaagccaaataccatcagggctgttatacgaatccgatagcaagaggaacccacacgaaagtagcttttgtaagcatgaccacacgaaagatagggaa,n
gre2_000112033,Eukaryota,Chordata,Actinopteri,Labriformes,Labridae,Labrus,Labrus viridis,size=553,AJ810141,Labriformes,Labridae,Labrus,NA,Labrus,[],30799,iucn vulnerable,n,n,100,blca,genus,Labrus sp.,0,0,0,0,0,0,0,0,0,0,0,0,0,0,0,0,0,0,0,0,0,0,0,0,0,578,0,0,0,0,0,0,0,0,0,0,0,0,0,0,0,0,0,0,3,0,0,0,0,0,581,gcggttatacgaaagacccaagttgataatcaccggcgtaaagagtggttaagataaacccccaaactaaagccgaacatcttcaaagctgttatacgcacacgaagaaaagaaacccaaccacgaaagtggctttataatatctgaccccacgaaagctatgtca,n
,,,,,,,,,,,,,,,,,,n,n,,UVC,species,Lithognathus mormyrus,0,0,0,5,5,0,0,0,0,0,0,0,0,0,0,0,0,0,0,0,0,0,0,0,10,0,0,0,0,0,0,0,0,0,0,0,0,0,0,0,0,0,0,0,0,0,0,0,0,0,0,UVC,n
gre2_000110413,Eukaryota,Chordata,Actinopteri,Lutjaniformes,Lutjanidae,Lutjanus,Lutjanus erythropterus,size=1890,KP939271,Lutjaniformes,Lutjanidae,Lutjanus,NA,Lutjanus,[],40493,snappers non-native; blast,y,n,100,blca,genus,Lutjanus sp.,0,0,0,0,0,0,0,0,0,0,0,0,0,0,0,0,0,0,0,0,0,0,0,0,0,0,0,0,0,0,0,0,0,0,0,0,0,0,1909,0,0,0,0,0,0,0,0,0,0,0,1909,gcggttatacgagagacccaagttgttagacaccggcgtaaagagtggttaagatttcctttaatactaaagccgaacgccctcagagttgttatacgcattcgaaggtaagaagcccaatcacgaaagtggctttataacatccgaacccacgaaagctatggta,n
,,,,,,,,,,,,,,,,,,n,n,,UVC,family,Mugilidae,0,0,0,0,0,0,11,1,0,6,0,1,0,1,0,0,0,0,6,0,4,6,3,2,41,0,0,0,0,0,0,0,0,0,0,0,0,0,0,0,0,0,0,0,0,0,0,0,0,0,0,UVC,n
gre2_000001084,Eukaryota,Chordata,Actinopteri,Syngnathiformes,Mullidae,Mullus,Mullus surmuletus,size=1907,AP012310,NA,NA,NA,NA,Percomorphaceae,"['Parupeneus barberinus', 'Mulloidichthys vanicolensis', 'Parupeneus multifasciatus', 'Upeneus tragula']",1489872,NA,n,n,100,blca,species,Mullus surmuletus,0,0,4,0,1,4,0,2,4,1,2,1,0,1,2,0,0,0,1,1,1,0,0,0,25,0,0,0,0,585,0,0,0,0,0,0,0,0,0,0,90,0,0,0,1265,0,0,0,0,0,1940,gcggttatacgaggggcccaagttgatagataacggcgtaaagggtggttagggaacatcatatagtaaagccgaacgtcttcaatgttgttataagctctcgaagattggaagccccaccacgaaagtggctttaccgctcctgaacccacgaaagccagggaa,n
,,,,,,,,,,,,,,,,,,n,n,,UVC,species,Muraena helena,0,0,0,1,0,0,0,0,0,0,0,0,0,0,0,1,0,0,0,0,0,0,0,0,2,0,0,0,0,0,0,0,0,0,0,0,0,0,0,0,0,0,0,0,0,0,0,0,0,0,0,UVC,n
,,,,,,,,,,,,,,,,,,n,n,,UVC,species,Oblada melanura,50,50,8,10,4,1,4,1,2,4,2,1,2,5,9,3,4,4,11,2,2,2,2,1,184,0,0,0,0,0,0,0,0,0,0,0,0,0,0,0,0,0,0,0,0,0,0,0,0,0,0,UVC,n
gre2_000110336,Eukaryota,Chordata,Actinopteri,Tetraodontiformes,Balistidae,Odonus,Odonus niger,size=14560,AP009208,Tetraodontiformes,Balistidae,Odonus,Odonus niger,Odonus niger,['Odonus niger'],392902,non-native species,y,n,100,blca,species,Odonus niger,0,0,0,0,0,0,0,0,0,0,0,0,0,0,0,0,0,0,0,0,0,0,0,0,0,0,0,0,0,0,0,0,0,0,0,0,0,0,0,14690,0,0,0,0,0,0,0,0,0,0,14690,gcggttatacgagaggcccgagctgacagacaccggcgtaaagagtggttaggaaaacacgataaattagagccgaacgctcccaaagctgtcatacgcacccgagagtaagaagtacaacaacgaaagtggctttacccaatctgaacccacgaaagctagggta,n
gre2_000111379,Eukaryota,Chordata,Actinopteri,Mugiliformes,Mugilidae,Oedalechilus,Oedalechilus labeo,size=1104,JF911712,Mugiliformes,Mugilidae,Oedalechilus,Oedalechilus labeo,Oedalechilus labeo,['Oedalechilus labeo'],48196,rare mullet,n,n,100,blca,species,Oedalechilus labeo,0,0,0,0,0,0,0,0,0,0,0,0,0,0,0,0,0,0,0,0,0,0,0,0,0,0,0,0,0,0,0,0,0,0,0,0,0,0,0,0,403,0,0,0,724,0,0,0,0,0,1127,gcggttatacgagaggcccaagctgacagccattggcgtaaagagtggtttagtaaatcttaaacataactaaagtcgaacgcccccaagaccgttatacgtgttcggaggtatgaagtccagctacgaaagtgactttaacagacctgaccccacgaaagctgtgaaa,n
gre2_000000382,Eukaryota,Chordata,Actinopteri,Blenniiformes,Blenniidae,Parablennius,Parablennius yatabei,size=7760,KF556648,NA,NA,NA,NA,Percomorphaceae,[],1489872,NA,y,n,100,blca,species,Parablennius yatabei,0,0,0,0,0,0,0,0,0,0,0,0,0,0,0,0,0,0,0,0,0,0,0,0,0,111,0,0,1,0,7740,1,0,0,0,0,0,0,0,0,0,0,0,0,0,0,0,0,0,0,7853,gcggttatacgagaggcccaagctgacagcccttcggcgtaaagcgtggttaaaagagaaataaattaaagccgaatgctccataagctgttatacgctctcgagagttagaagcccccttacgaaagtagctttattatattgaatccacgaaagctaagata,n
,,,,,,,,,,,,,,,,,,n,n,,UVC,species,Parablennius gattorugine,0,0,0,0,0,0,0,0,0,0,0,0,0,0,0,0,0,1,1,2,0,0,0,0,4,0,0,0,0,0,0,0,0,0,0,0,0,0,0,0,0,0,0,0,0,0,0,0,0,0,0,UVC,n
gre2_000110714,Eukaryota,Chordata,Actinopteri,Gobiiformes,Gobiidae,Pomatoschistus,Pomatoschistus microps,size=918,MN122842,Gobiiformes,Gobiidae,Pomatoschistus,NA,Pomatoschistus,"['Pomatoschistus knerii', 'Pomatoschistus microps', 'Pomatoschistus minutus']",13224,NA,n,n,100,blca,genus,Pomatoschistus sp.,0,0,0,0,0,0,0,0,0,0,0,0,0,0,0,0,0,0,0,0,0,0,0,0,0,957,0,0,0,0,0,0,0,0,0,1,0,0,0,0,0,0,0,0,0,0,0,0,0,0,958,gcggttatacgagaggcccgagctgatggatgccggcgtaaaatgtggttaatttacagtattgcactaaagcgaaacaccttctaagctgttatatgctctcgaaggcaggagcccctcttacgaaagtagctttaaacaacatgaccccacgaaagctaggaga,n
gre2_000019502,Eukaryota,Chordata,Actinopteri,Clupeiformes,Clupeidae,Sardina,Sardina pilchardus,size=3,MK070522,Clupeiformes,Clupeidae,Sardina,Sardina pilchardus,Sardina pilchardus,['Sardina pilchardus'],27697,NA,n,n,100,blca,species,Sardina pilchardus,0,0,0,0,0,0,0,0,0,0,0,0,0,0,0,0,0,0,0,0,0,0,0,0,0,0,0,0,0,0,0,0,0,0,0,2,0,0,0,0,0,0,0,0,0,0,0,0,0,0,2,gcggttatacgagaggccctagttgatttaatcggcgtaaagagtggttatggagagttaaaaaatagagctgaagacctctcgggccgcaatacgcatccagaagttcgaatcacaaacacgaaagtagctttaccttcttccaccagaatccacgacagctgggaca,n
gre2_000002161,Eukaryota,Chordata,Actinopteri,Clupeiformes,Clupeidae,Sardinella,Sardinella aurita,size=2624,KJ956251,Clupeiformes,Clupeidae,Sardinella,Sardinella longiceps,Sardinella longiceps,['Sardinella longiceps'],96888,manual blast reassignment,n,n,99.4,manual,species,Sardinella aurita,0,0,0,0,0,0,0,0,0,0,0,0,0,0,0,0,0,0,0,0,0,0,0,0,0,1494,0,0,0,0,0,0,0,69,0,0,0,548,0,0,14,0,0,0,365,0,0,69,113,0,2672,gcggttatacgagaggcccaagttgataagcccggcgtaaagagtggttatggaacccgcccccactaaagctaaagagcccctaagctgttatacgcacttggaagcttgaacccctgacacgaaagtagctttatcttctcctgaacccacgatagctggggca,n
gre2_000110418,Eukaryota,Chordata,Actinopteri,Spariformes,Sparidae,Pagrus,Pagrus major,size=1327,MH593823,Spariformes,Sparidae,NA,NA,Sparidae,"['Pagrus caeruleostictus', 'Pagellus erythrinus', 'Pagrus pagrus', 'Dentex angolensis', 'Pagrus major', 'Pagrus auriga', 'Parargyrops edita', 'Dentex gibbosus', 'Evynnis tumifrons']",8169,manual blast reassignment,n,n,99.26,manual,species,Sarpa salpa,2,0,20,1,0,0,0,8,1,13,3,13,2,0,0,0,0,0,6,2,0,8,4,17,100,1,0,0,0,0,0,0,0,333,0,0,0,0,0,0,314,0,0,0,679,0,0,0,0,0,1327,gcggttatacgggaggcccaagttgtcaaaagtcggcgtaaagggtggtttagattaagcttaaaattaaagccgaacgccttccgggctgtcatacgcatccgaaggtaagaagttcaactacgaaagtagctttatattttctgaccccacgaaagctaagata,n
gre2_000110665,Eukaryota,Chordata,Actinopteri,Blenniiformes,Blenniidae,Scartella,Scartella cristata,size=149,AP005992,NA,NA,NA,NA,Percomorphaceae,[],1489872,NA,n,n,100,blca,species,Scartella cristata,0,0,0,0,0,0,0,0,0,0,0,0,0,0,0,0,0,0,0,0,0,0,0,0,0,0,0,0,0,0,0,0,0,0,0,0,0,0,0,0,0,0,0,0,149,0,0,0,0,0,149,gcggttatacgagaggtccaagctgacagcccctcggcgtaaggcgtggttagaattaagatacactaaagccgaatgctctctaagctgttatacgctttcgagagttagaagccccactacgaaggtagctttatataattgaacccacgaaagctaagaca,n
gre2_000110722,Eukaryota,Chordata,Actinopteri,Scombriformes,Scombridae,Scomber,Scomber scombrus,size=1165,AB120717,Scombriformes,Scombridae,Scomber,Scomber scombrus,Scomber scombrus,['Scomber scombrus'],13677,,n,n,100,blca,species,Scomber scombrus,0,0,0,0,0,0,0,0,0,0,0,0,0,0,0,0,0,0,0,0,0,0,0,0,0,0,0,0,0,0,0,0,0,0,0,1173,0,0,0,0,0,0,0,0,0,0,0,0,0,0,1173,gcggttatacgataggcccaagttgacagaccccggcgtaaagcgtggttagggaaaattcaaaactaaagccgaacaccttcagggcagtcatacgcttccgaaggcacgaagcccctccacgaaagtggctttactacccccgaccccacgaaagctaggaca,n
,,,,,,,,,,,,,,,,,,n,n,,UVC,genus,Scorpaena sp.,0,0,0,0,0,0,1,0,0,0,1,0,0,0,0,0,0,0,1,0,1,1,1,0,6,0,0,0,0,0,0,0,0,0,0,0,0,0,0,0,0,0,0,0,0,0,0,0,0,0,0,UVC,n
,,,,,,,,,,,,,,,,,,n,n,,UVC,species,Seriola dumerili,0,0,0,0,0,0,0,0,0,0,0,0,0,0,0,0,0,0,0,0,0,0,0,7,7,0,0,0,0,0,0,0,0,0,0,0,0,0,0,0,0,0,0,0,0,0,0,0,0,0,0,UVC,n
gre2_000110728,Eukaryota,Chordata,Actinopteri,Perciformes,Serranidae,Serranus,Serranus papilionaceus,size=976,FJ848375,Perciformes,Serranidae,Hypoplectrus,Hypoplectrus gemma,Hypoplectrus gemma,['Hypoplectrus gemma'],184434,manual blast reassignment,n,n,100,blca,genus,Serranus sp.,0,0,0,0,0,0,0,0,0,0,0,0,0,0,0,0,0,0,0,0,0,0,0,0,0,466,0,0,0,0,0,0,0,524,0,0,0,0,0,0,0,0,0,0,0,0,0,0,0,0,990,gcggttatacgagaggcccaagttgatagatcccggcgtaaagagtggttaagaacaacaaatgattaaagccgaacgccctcaaagcagttatacgcatccgagggtaagaagccccataacgaaagtagctttattaatcctgactccacgaaagctaaggaa,n
,,,,,,,,,,,,,,,,,,n,n,,UVC,species,Serranus scriba,0,2,1,1,1,2,0,0,2,1,0,0,0,0,1,1,0,3,0,0,0,1,1,0,17,0,0,0,0,0,0,0,0,0,0,0,0,0,0,0,0,0,0,0,0,0,0,0,0,0,0,UVC,n
gre2_000137514,Eukaryota,Chordata,Actinopteri,NA,Siganidae,Siganus,Siganus luridus,size=3,MG677546,NA,Siganidae,Siganus,NA,Siganus,['Siganus sutor'],75041,NA,y,n,100,blca,genus,Siganus sp.,5,6,3,6,6,1,0,0,0,0,0,2,6,5,3,3,1,9,4,6,1,4,3,3,77,0,0,0,2,0,0,0,0,6,0,0,0,0,0,0,0,0,0,0,0,0,0,0,0,0,8,gcggttatactagagacccaagttgatatacagcggcgtaaagagtggttaataactaaaccaaaactaaagcctaacgctctcaaagctgttatacgcactctatagtatgaagttcaactacgaaagtggctttaccctttctgaacccacgaaagctaggaca,n
gre2_000000080,Eukaryota,Chordata,Actinopteri,NA,Siganidae,Siganus,Siganus luridus,size=22735,MG677546,NA,Siganidae,Siganus,NA,Siganus,['Siganus sutor'],75041,manual blast reassignment,y,n,100,manual,species,Siganus luridus,4,3,3,3,8,0,0,0,3,0,0,0,4,6,0,1,5,1,0,0,0,0,0,0,41,0,0,12916,8506,0,0,0,3,812,0,0,0,0,0,1,167,0,0,0,230,213,0,0,0,0,22848,gcggttatacgagagacccaagttgatagacagcggcgtaaagagtggttaagaactaaaccaaaactaaagccgaacgctctcaaagctgttatacgcactcgagagtatgaagttcaactacgaaagtggctttaccctttctgaacccacgaaagctaggaca,n
gre2_000013666,Eukaryota,Chordata,Actinopteri,NA,Siganidae,Siganus,Siganus rivulatus,size=133,MG677546,NA,Siganidae,Siganus,NA,Siganus,['Siganus sutor'],75041,manual blast reassignment,y,n,100,manual,species,Siganus rivulatus,0,0,0,0,0,0,0,0,0,0,0,0,0,0,0,0,0,0,0,0,0,0,0,0,0,0,0,73,47,0,0,0,0,9,0,0,0,0,0,0,2,0,0,0,1,1,0,0,0,0,133,ggttatacgagagacccaagttgatagacagcggcgtaaagagtggttaagaactaaaccaaaactaaagccgaacgctctcaaagctgttatacgcactcgagagtatgaagttcaactacgaaagtggctttaccccttctgaacccacgaaagctaggaca,n
gre2_000000578,,,,,,,,size=6752,EU601219,Labriformes,Labridae,Sparisoma,NA,Sparisoma,"['Sparisoma viride', 'Sparisoma axillare', 'Sparisoma chrysopterum', 'Sparisoma aurofrenatum']",51764,manual blast reassignment,n,n,100,manual,species,Sparisoma cretense,4,2,1,2,2,0,0,2,0,3,2,1,4,7,3,4,1,3,0,6,0,3,19,0,69,0,0,5025,0,0,0,0,0,0,1,0,0,0,0,0,625,0,0,0,0,0,1187,0,0,0,6838,gcggttatacgaaaagcccaagttaacagactaacggcgtaaagggtggttagggcataccttactaaactagagctgaacttcttcagagctgttatacgcgtccgaaaagcagaacatcaactacgaaagtgtctctaagtctcctgacaccacgaaagctatggca,n
gre2_000110705,Eukaryota,Chordata,Actinopteri,Labriformes,Labridae,Symphodus,Symphodus cinereus,size=529,AJ810147,Labriformes,Labridae,Symphodus,Symphodus cinereus,Symphodus cinereus,['Symphodus cinereus'],191724,NA,n,n,99.3939394,manual,species,Symphodus cinereus,0,0,0,0,0,0,0,0,0,0,0,0,0,0,0,0,0,0,0,0,0,0,0,0,0,0,0,0,0,0,0,0,0,0,0,0,0,0,0,0,0,0,0,0,541,0,0,0,0,0,541,gcggttatacgagaggcccaagttgataaataccggcgtaaagagtggttagagaaagaactaaactaaagccaaacgccttcagagctgttatacgcttacgaagagcagagacacaaccacgaaagtggctttattaaacctgaccccacgaaagctagggca,n
gre2_000110841,Eukaryota,Chordata,Actinopteri,Labriformes,Labridae,Symphodus,Symphodus ocellatus,size=1210,AJ810150,Labriformes,Labridae,Symphodus,Symphodus ocellatus,Symphodus ocellatus,['Symphodus ocellatus'],130472,manual blast reassignment,n,n,99.39,manual,species,Symphodus melops,0,0,0,0,0,0,0,0,0,0,0,0,0,0,0,0,0,0,0,0,0,0,0,0,0,3,0,0,0,0,0,0,0,0,0,1223,0,0,0,0,0,0,0,0,0,0,0,0,0,0,1226,gcggttatacgagaggcccaagttgataaataccggcgtaaagagtggttagagaagaaactaaactaaagccaaacgccttcagagctgttatacgcttacgaagagcagagacacaaccacgaaagtggccttacttaacctgaccccacgaaagctagggca,n
gre2_000188090,Eukaryota,Chordata,Actinopteri,Labriformes,Labridae,Symphodus,Symphodus cinereus,size=9,AJ810147,Labriformes,Labridae,Symphodus,NA,Symphodus,"['Symphodus ocellatus', 'Symphodus tinca', 'Symphodus cinereus', 'Symphodus mediterraneus', 'Symphodus roissali']",130471,NA,n,n,100,manual,genus,Symphodus sp.,0,0,0,0,0,0,1,0,0,0,1,0,1,0,0,1,0,0,0,3,0,0,0,0,7,0,0,0,0,0,0,0,0,0,0,4,0,0,0,0,0,0,0,0,11,0,0,0,0,0,15,gcggttatacgagaggcccaagttgataaataccggcgtaaagagtggttagagaaagaactaaactaaagccaaacgccttcagagctgttatacgcttacgaagagcagagacacaaccacgaaagtggccttaaaaccctgaccccacgaaagctagggca,n
gre2_000000028,Eukaryota,Chordata,Actinopteri,Labriformes,Labridae,Thalassoma,Thalassoma amblycephalum,size=58611,AJ810154,Labriformes,Labridae,NA,NA,Labridae,"['Thalassoma lucasanum', 'Thalassoma bifasciatum', 'Thalassoma lunare', 'Thalassoma quinquevittatum', 'Gomphosus varius']",8247,manual blast reassignment,n,n,99.38,manual,species,Thalassoma pavo,9,50,7,4,8,11,50,5,50,50,50,50,4,5,3,3,4,4,16,10,12,6,7,4,422,1873,2988,4253,0,0,0,673,5451,0,4270,0,15343,0,0,0,5623,0,898,0,7539,158,938,295,8784,0,59086,gcggttagacgagagacccaagtggatggccctcggcgtaaagagtggttaagattgtttcaaactaaggcccaaagactttttagctgttatacgcgcgagaagacatgaagcccaactacgaaagtggccttaaaaccctgaccccacgaaagctagggca,n
gre2_000151363,Eukaryota,Chordata,Actinopteri,Labriformes,Labridae,Thalassoma,Thalassoma quinquevittatum,size=2,AJ810154,Labriformes,Labridae,NA,NA,Labridae,"['Thalassoma lucasanum', 'Thalassoma bifasciatum', 'Thalassoma lunare', 'Thalassoma quinquevittatum', 'Gomphosus varius']",8247,manual blast reassignment,n,n,100,manual,genus,Thalassoma sp.,0,0,0,0,0,0,0,0,0,0,0,0,0,0,0,0,0,0,0,0,0,0,0,0,0,0,0,0,0,0,0,0,0,0,0,0,0,0,0,0,2,0,0,0,0,0,0,0,0,0,2,gcggttagacgagagacccaagtggatggccctcggcgtaaagagtggttaagggaacctgaaactaaggcccaaagactttttagctgttatacgcgcgagaagacatgaagcccaactacgaaagtggccttaaaaccctgaccccacgaaagctagggca,n
gre2_000111411,Eukaryota,Chordata,Actinopteri,Beloniformes,Belonidae,Tylosurus,Tylosurus crocodilus,size=330,AB373007,Beloniformes,Belonidae,Ablennes,Ablennes hians,Ablennes hians,['Ablennes hians'],129035,non-native; recorded in mediterranean,y,n,99.38,manual,species,Tylosurus crocodilus,0,0,0,0,0,0,0,0,0,0,0,0,0,0,0,0,0,0,0,0,0,0,0,0,0,330,0,0,0,0,0,0,0,0,0,0,0,0,0,0,0,0,0,0,0,0,0,0,0,0,330,gcggttagacgagaggcctaagttgatagcttccggcgtaaagagtggttaaggaaactcctaaactaaagccgaatattctcacagctgtcatacgcacccgagaataagaagccccaccacgaaagtggctttaacccacccgaccccacgaaagctgtggaa,n
gre2_000202081,Eukaryota,Chordata,Actinopteri,Beloniformes,Belonidae,Tylosurus,Tylosurus crocodilus,size=2,AP002932,Beloniformes,NA,NA,NA,Belonoidei,"['Hemiramphus far', 'Strongylura anastomella', 'Cololabis saira']",123731,NA,y,n,100,blca,genus,Tylosurus sp.,0,0,0,0,0,0,0,0,0,0,0,0,0,0,0,0,0,0,0,0,0,0,0,0,0,2,0,0,0,0,0,0,0,0,0,0,0,0,0,0,0,0,0,0,0,0,0,0,0,0,2,gcagttagacgagaggcctaagttgatagcttccggcgtaaagagtggttaagtaactccaaaactaaatccgaatattctcacagctgtcatacgcacccgagaataagaagccccaccacgaaagtggctttaacccacccgaccccacgaaagctgtggaa,n
